Workbook

Sheet Resultat
A1: Preleveur | B1: =[1]Elevage!A1 -> prelevement_id | C1: type_pvt | D1: hote | E1: echantillon_id | F1: date_prelevement | G1: projet | H1: Pos_neg | I1: PN_ESBL | J1: ESBL | K1: PN_CARBA | L1: CARBA | M1: isolat_ID | N1: amo_20 | O1: tgc_15 | P1: tic_75 | Q1: col_10 | R1: cox_5 | S1: amc_30 | T1: caz_10 | U1: gmn_10 | V1: amp_10 | W1: fep_30 | X1: etp_10 | Y1: ipm_10 | Z1: ofx_5 | AA1: cip_5 | AB1: sxt_25 | AC1: tet_30 | AD1: synergie | AE1: extraction | AF1: concentration_adn_ng_µL | AG1: sequençage | AH1: especes | AI1: st | AJ1: rapport | AL1: synergie
A2: Fayçal Khetim | B2: =[1]Elevage!A2 -> FK-001 | C2: Pédichiffe | D2: charcutier | E2: =B2&IF(D2="charcutier","M",IF(D2="cochette","F",""))&IF(C2="Pédichiffe","p",IF(C2="Ecouvillon","e",IF(C2="Feces","f",""))) -> FK-001Mp | F2: =_xlfn.XLOOKUP(B2,[1]Elevage!A:A,[1]Elevage!B:B) -> 46092 | G2: Eco-antibio2 | H2: =IF(AND(I2=0,K2=0),0,1) -> 0 | I2: 0 | J2: négatif | K2: 0 | L2: négatif | AJ2: 0 | AK2: 1 | AL2: synergie
A3: Fayçal Khetim | B3: =[1]Elevage!A3 -> FK-002 | C3: Pédichiffe | D3: charcutier | E3: =B3&IF(D3="charcutier","M",IF(D3="cochette","F",""))&IF(C3="Pédichiffe","p",IF(C3="Ecouvillon","e",IF(C3="Feces","f",""))) -> FK-002Mp | F3: =_xlfn.XLOOKUP(B3,[1]Elevage!A:A,[1]Elevage!B:B) -> 46092 | G3: =G2 -> Eco-antibio2 | H3: =IF(AND(I3=0,K3=0),0,1) -> 0 | I3: 0 | J3: négatif | K3: 0 | L3: négatif | AJ3: 0
A4: Fayçal Khetim | B4: =[1]Elevage!A4 -> FK-003 | C4: Pédichiffe | D4: cochette | E4: =B4&IF(D4="charcutier","M",IF(D4="cochette","F",""))&IF(C4="Pédichiffe","p",IF(C4="Ecouvillon","e",IF(C4="Feces","f",""))) -> FK-003Fp | F4: =_xlfn.XLOOKUP(B4,[1]Elevage!A:A,[1]Elevage!B:B) -> 46094 | G4: =G3 -> Eco-antibio2 | H4: =IF(AND(I4=0,K4=0),0,1) -> 0 | I4: 0 | J4: négatif | K4: 0 | L4: négatif | AJ4: 0
A5: Fayçal Khetim | B5: FK-003 | C5: Pédichiffe | D5: cochette | E5: =B5&IF(D5="charcutier","M",IF(D5="cochette","F",""))&IF(C5="Pédichiffe","p",IF(C5="Ecouvillon","e",IF(C5="Feces","f",""))) -> FK-003Fp | F5: =_xlfn.XLOOKUP(B5,[1]Elevage!A:A,[1]Elevage!B:B) -> 46094 | G5: =G4 -> Eco-antibio2 | H5: =IF(AND(I5=0,K5=0),0,1) -> 0 | I5: 0 | J5: négatif | K5: 0 | L5: négatif | AJ5: 0
A6: Fayçal Khetim | B6: FK-004 | C6: Pédichiffe | D6: charcutier | E6: =B6&IF(D6="charcutier","M",IF(D6="cochette","F",""))&IF(C6="Pédichiffe","p",IF(C6="Ecouvillon","e",IF(C6="Feces","f",""))) -> FK-004Mp | F6: =_xlfn.XLOOKUP(B6,[1]Elevage!A:A,[1]Elevage!B:B) -> 46099 | G6: =G5 -> Eco-antibio2 | H6: =IF(AND(I6=0,K6=0),0,1) -> 0 | I6: 0 | J6: négatif | K6: 0 | L6: négatif | AJ6: 1
A7: Fayçal Khetim | B7: FK-004 | C7: Pédichiffe | D7: cochette | E7: =B7&IF(D7="charcutier","M",IF(D7="cochette","F",""))&IF(C7="Pédichiffe","p",IF(C7="Ecouvillon","e",IF(C7="Feces","f",""))) -> FK-004Fp | F7: =_xlfn.XLOOKUP(B7,[1]Elevage!A:A,[1]Elevage!B:B) -> 46099 | G7: =G6 -> Eco-antibio2 | H7: =IF(AND(I7=0,K7=0),0,1) -> 1 | I7: 1 | J7: X | K7: 0 | L7: négatif | M7: 04FP.B | N7: 0 | O7: 20 | P7: 0 | Q7: 16 | R7: 0 | S7: 19 | T7: 26 | U7: 21 | V7: 0 | W7: 25 | X7: 34 | Y7: 31 | Z7: 28 | AA7: 31 | AB7: 0 | AC7: 0 | AD7: YES | AH7: klebsiella oxytoca | AI7: 40 | AJ7: 1
A8: Fayçal Khetim | B8: ="FK-"&TEXT(5+INT((ROW()-8)/3),"000") -> FK-005 | C8: Pédichiffe | D8: cochette | E8: =B8&IF(D8="charcutier","M",IF(D8="cochette","F",""))&IF(C8="Pédichiffe","p",IF(C8="Ecouvillon","e",IF(C8="Feces","f",""))) -> FK-005Fp | F8: =_xlfn.XLOOKUP(B8,[1]Elevage!A:A,[1]Elevage!B:B) -> 46106 | G8: =G7 -> Eco-antibio2 | H8: =IF(AND(I8=0,K8=0),0,1) -> 0 | I8: 0 | J8: négatif | K8: 0 | L8: négatif | AJ8: 0
A9: Fayçal Khetim | B9: ="FK-"&TEXT(5+INT((ROW()-8)/3),"000") -> FK-005 | C9: Pédichiffe | D9: charcutier | E9: =B9&IF(D9="charcutier","M",IF(D9="cochette","F",""))&IF(C9="Pédichiffe","p",IF(C9="Ecouvillon","e",IF(C9="Feces","f",""))) -> FK-005Mp | F9: =_xlfn.XLOOKUP(B9,[1]Elevage!A:A,[1]Elevage!B:B) -> 46106 | G9: =G8 -> Eco-antibio2 | H9: =IF(AND(I9=0,K9=0),0,1) -> 0 | I9: 0 | J9: négatif | K9: 0 | L9: négatif | AJ9: 0
A10: Fayçal Khetim | B10: ="FK-"&TEXT(5+INT((ROW()-8)/3),"000") -> FK-005 | C10: Ecouvillon | D10: cochette | E10: =B10&IF(D10="charcutier","M",IF(D10="cochette","F",""))&IF(C10="Pédichiffe","p",IF(C10="Ecouvillon","e",IF(C10="Feces","f",""))) -> FK-005Fe | F10: =_xlfn.XLOOKUP(B10,[1]Elevage!A:A,[1]Elevage!B:B) -> 46106 | G10: =G9 -> Eco-antibio2 | H10: =IF(AND(I10=0,K10=0),0,1) -> 0 | I10: 0 | J10: négatif | K10: 0 | L10: négatif | AJ10: 0
A11: Fayçal Khetim | B11: ="FK-"&TEXT(5+INT((ROW()-8)/3),"000") -> FK-006 | C11: Pédichiffe | D11: cochette | E11: =B11&IF(D11="charcutier","M",IF(D11="cochette","F",""))&IF(C11="Pédichiffe","p",IF(C11="Ecouvillon","e",IF(C11="Feces","f",""))) -> FK-006Fp | F11: =_xlfn.XLOOKUP(B11,[1]Elevage!A:A,[1]Elevage!B:B) -> 46106 | G11: =G10 -> Eco-antibio2 | H11: =IF(AND(I11=0,K11=0),0,1) -> 1 | I11: 1 | J11: x | K11: 0 | L11: négatif | M11: 06FP.R | N11: 0 | O11: 24 | P11: 0 | Q11: 16 | R11: 0 | S11: 21 | T11: 16 | U11: 21 | V11: 0 | W11: 19 | X11: 33 | Y11: 32 | Z11: 20 | AA11: 24 | AB11: 34 | AC11: 26 | AD11: YES | AH11: e-coli | AI11: 3268 | AJ11: 1
A12: Fayçal Khetim | B12: ="FK-"&TEXT(5+INT((ROW()-8)/3),"000") -> FK-006 | C12: Pédichiffe | D12: charcutier | E12: =B12&IF(D12="charcutier","M",IF(D12="cochette","F",""))&IF(C12="Pédichiffe","p",IF(C12="Ecouvillon","e",IF(C12="Feces","f",""))) -> FK-006Mp | F12: =_xlfn.XLOOKUP(B12,[1]Elevage!A:A,[1]Elevage!B:B) -> 46106 | G12: =G11 -> Eco-antibio2 | H12: =IF(AND(I12=0,K12=0),0,1) -> 0 | I12: 0 | J12: négatif | K12: 0 | L12: négatif | AJ12: 1
A13: Fayçal Khetim | B13: ="FK-"&TEXT(5+INT((ROW()-8)/3),"000") -> FK-006 | C13: Ecouvillon | D13: cochette | E13: =B13&IF(D13="charcutier","M",IF(D13="cochette","F",""))&IF(C13="Pédichiffe","p",IF(C13="Ecouvillon","e",IF(C13="Feces","f",""))) -> FK-006Fe | F13: =_xlfn.XLOOKUP(B13,[1]Elevage!A:A,[1]Elevage!B:B) -> 46106 | G13: =G12 -> Eco-antibio2 | H13: =IF(AND(I13=0,K13=0),0,1) -> 0 | I13: 0 | J13: négatif | K13: 0 | L13: négatif | AJ13: 1
A14: Fayçal Khetim | B14: ="FK-"&TEXT(5+INT((ROW()-8)/3),"000") -> FK-007 | C14: Pédichiffe | D14: cochette | E14: =B14&IF(D14="charcutier","M",IF(D14="cochette","F",""))&IF(C14="Pédichiffe","p",IF(C14="Ecouvillon","e",IF(C14="Feces","f",""))) -> FK-007Fp | F14: =_xlfn.XLOOKUP(B14,[1]Elevage!A:A,[1]Elevage!B:B) -> 46111 | G14: =G13 -> Eco-antibio2 | H14: =IF(AND(I14=0,K14=0),0,1) -> 0 | I14: 0 | J14: négatif | K14: 0 | L14: négatif | AJ14: 0
A15: Fayçal Khetim | B15: ="FK-"&TEXT(5+INT((ROW()-8)/3),"000") -> FK-007 | C15: Pédichiffe | D15: charcutier | E15: =B15&IF(D15="charcutier","M",IF(D15="cochette","F",""))&IF(C15="Pédichiffe","p",IF(C15="Ecouvillon","e",IF(C15="Feces","f",""))) -> FK-007Mp | F15: =_xlfn.XLOOKUP(B15,[1]Elevage!A:A,[1]Elevage!B:B) -> 46111 | G15: =G14 -> Eco-antibio2 | H15: =IF(AND(I15=0,K15=0),0,1) -> 0 | I15: 0 | J15: négatif | K15: 0 | L15: négatif | AJ15: 0
A16: Fayçal Khetim | B16: ="FK-"&TEXT(5+INT((ROW()-8)/3),"000") -> FK-007 | C16: Ecouvillon | D16: cochette | E16: =B16&IF(D16="charcutier","M",IF(D16="cochette","F",""))&IF(C16="Pédichiffe","p",IF(C16="Ecouvillon","e",IF(C16="Feces","f",""))) -> FK-007Fe | F16: =_xlfn.XLOOKUP(B16,[1]Elevage!A:A,[1]Elevage!B:B) -> 46111 | G16: =G15 -> Eco-antibio2 | H16: =IF(AND(I16=0,K16=0),0,1) -> 0 | I16: 0 | J16: négatif | K16: 0 | L16: négatif | AJ16: 0
A17: Fayçal Khetim | B17: ="FK-"&TEXT(5+INT((ROW()-8)/3),"000") -> FK-008 | C17: Pédichiffe | D17: cochette | E17: =B17&IF(D17="charcutier","M",IF(D17="cochette","F",""))&IF(C17="Pédichiffe","p",IF(C17="Ecouvillon","e",IF(C17="Feces","f",""))) -> FK-008Fp | F17: =_xlfn.XLOOKUP(B17,[1]Elevage!A:A,[1]Elevage!B:B) -> 46111 | G17: =G16 -> Eco-antibio2 | H17: =IF(AND(I17=0,K17=0),0,1) -> 0 | I17: 0 | J17: négatif | K17: 0 | L17: négatif | AJ17: 0
A18: Fayçal Khetim | B18: ="FK-"&TEXT(5+INT((ROW()-8)/3),"000") -> FK-008 | C18: Pédichiffe | D18: charcutier | E18: =B18&IF(D18="charcutier","M",IF(D18="cochette","F",""))&IF(C18="Pédichiffe","p",IF(C18="Ecouvillon","e",IF(C18="Feces","f",""))) -> FK-008Mp | F18: =_xlfn.XLOOKUP(B18,[1]Elevage!A:A,[1]Elevage!B:B) -> 46111 | G18: =G17 -> Eco-antibio2 | H18: =IF(AND(I18=0,K18=0),0,1) -> 0 | I18: 0 | J18: négatif | K18: 0 | L18: négatif | AJ18: 0
A19: Fayçal Khetim | B19: ="FK-"&TEXT(5+INT((ROW()-8)/3),"000") -> FK-008 | C19: Ecouvillon | D19: cochette | E19: =B19&IF(D19="charcutier","M",IF(D19="cochette","F",""))&IF(C19="Pédichiffe","p",IF(C19="Ecouvillon","e",IF(C19="Feces","f",""))) -> FK-008Fe | F19: =_xlfn.XLOOKUP(B19,[1]Elevage!A:A,[1]Elevage!B:B) -> 46111 | G19: =G18 -> Eco-antibio2 | H19: =IF(AND(I19=0,K19=0),0,1) -> 0 | I19: 0 | J19: négatif | K19: 0 | L19: négatif | AJ19: 0
A20: Fayçal Khetim | B20: ="FK-"&TEXT(5+INT((ROW()-8)/3),"000") -> FK-009 | C20: Pédichiffe | D20: cochette | E20: =B20&IF(D20="charcutier","M",IF(D20="cochette","F",""))&IF(C20="Pédichiffe","p",IF(C20="Ecouvillon","e",IF(C20="Feces","f",""))) -> FK-009Fp | F20: =_xlfn.XLOOKUP(B20,[1]Elevage!A:A,[1]Elevage!B:B) -> 46111 | G20: =G19 -> Eco-antibio2 | H20: =IF(AND(I20=0,K20=0),0,1) -> 0 | I20: 0 | J20: négatif | K20: 0 | L20: négatif | AH20: Enterobacter cloacae | AJ20: 0
A21: Fayçal Khetim | B21: ="FK-"&TEXT(5+INT((ROW()-8)/3),"000") -> FK-009 | C21: Pédichiffe | D21: charcutier | E21: =B21&IF(D21="charcutier","M",IF(D21="cochette","F",""))&IF(C21="Pédichiffe","p",IF(C21="Ecouvillon","e",IF(C21="Feces","f",""))) -> FK-009Mp | F21: =_xlfn.XLOOKUP(B21,[1]Elevage!A:A,[1]Elevage!B:B) -> 46111 | G21: =G20 -> Eco-antibio2 | H21: =IF(AND(I21=0,K21=0),0,1) -> 0 | I21: 0 | J21: négatif | K21: 0 | L21: négatif | AJ21: 0
A22: Fayçal Khetim | B22: ="FK-"&TEXT(5+INT((ROW()-8)/3),"000") -> FK-009 | C22: Ecouvillon | D22: cochette | E22: =B22&IF(D22="charcutier","M",IF(D22="cochette","F",""))&IF(C22="Pédichiffe","p",IF(C22="Ecouvillon","e",IF(C22="Feces","f",""))) -> FK-009Fe | F22: =_xlfn.XLOOKUP(B22,[1]Elevage!A:A,[1]Elevage!B:B) -> 46111 | G22: =G21 -> Eco-antibio2 | H22: =IF(AND(I22=0,K22=0),0,1) -> 0 | I22: 0 | J22: négatif | K22: 0 | L22: négatif | AJ22: 0
A23: Fayçal Khetim | B23: ="FK-"&TEXT(5+INT((ROW()-8)/3),"000") -> FK-010 | C23: Pédichiffe | D23: cochette | E23: =B23&IF(D23="charcutier","M",IF(D23="cochette","F",""))&IF(C23="Pédichiffe","p",IF(C23="Ecouvillon","e",IF(C23="Feces","f",""))) -> FK-010Fp | F23: =_xlfn.XLOOKUP(B23,[1]Elevage!A:A,[1]Elevage!B:B) -> 46111 | G23: =G22 -> Eco-antibio2 | H23: =IF(AND(I23=0,K23=0),0,1) -> 0 | I23: 0 | J23: négatif | K23: 0 | L23: négatif | AJ23: 0
A24: Fayçal Khetim | B24: ="FK-"&TEXT(5+INT((ROW()-8)/3),"000") -> FK-010 | C24: Pédichiffe | D24: charcutier | E24: =B24&IF(D24="charcutier","M",IF(D24="cochette","F",""))&IF(C24="Pédichiffe","p",IF(C24="Ecouvillon","e",IF(C24="Feces","f",""))) -> FK-010Mp | F24: =_xlfn.XLOOKUP(B24,[1]Elevage!A:A,[1]Elevage!B:B) -> 46111 | G24: =G23 -> Eco-antibio2 | H24: =IF(AND(I24=0,K24=0),0,1) -> 0 | I24: 0 | J24: négatif | K24: 0 | L24: négatif | AJ24: 0
A25: Fayçal Khetim | B25: ="FK-"&TEXT(5+INT((ROW()-8)/3),"000") -> FK-010 | C25: Ecouvillon | D25: cochette | E25: =B25&IF(D25="charcutier","M",IF(D25="cochette","F",""))&IF(C25="Pédichiffe","p",IF(C25="Ecouvillon","e",IF(C25="Feces","f",""))) -> FK-010Fe | F25: =_xlfn.XLOOKUP(B25,[1]Elevage!A:A,[1]Elevage!B:B) -> 46111 | G25: =G24 -> Eco-antibio2 | H25: =IF(AND(I25=0,K25=0),0,1) -> 0 | I25: 0 | J25: négatif | K25: 0 | L25: négatif | AJ25: 0
A26: Fayçal Khetim | B26: ="FK-"&TEXT(5+INT((ROW()-8)/3),"000") -> FK-011 | C26: Pédichiffe | D26: cochette | E26: =B26&IF(D26="charcutier","M",IF(D26="cochette","F",""))&IF(C26="Pédichiffe","p",IF(C26="Ecouvillon","e",IF(C26="Feces","f",""))) -> FK-011Fp | F26: =_xlfn.XLOOKUP(B26,[1]Elevage!A:A,[1]Elevage!B:B) -> 46112 | G26: =G25 -> Eco-antibio2 | H26: =IF(AND(I26=0,K26=0),0,1) -> 0 | I26: 0 | J26: négatif | K26: 0 | L26: négatif | AJ26: 0
A27: Fayçal Khetim | B27: ="FK-"&TEXT(5+INT((ROW()-8)/3),"000") -> FK-011 | C27: Pédichiffe | D27: charcutier | E27: =B27&IF(D27="charcutier","M",IF(D27="cochette","F",""))&IF(C27="Pédichiffe","p",IF(C27="Ecouvillon","e",IF(C27="Feces","f",""))) -> FK-011Mp | F27: =_xlfn.XLOOKUP(B27,[1]Elevage!A:A,[1]Elevage!B:B) -> 46112 | G27: =G26 -> Eco-antibio2 | H27: =IF(AND(I27=0,K27=0),0,1) -> 0 | I27: 0 | J27: négatif | K27: 0 | L27: négatif | AJ27: 0
A28: Fayçal Khetim | B28: ="FK-"&TEXT(5+INT((ROW()-8)/3),"000") -> FK-011 | C28: Ecouvillon | D28: cochette | E28: =B28&IF(D28="charcutier","M",IF(D28="cochette","F",""))&IF(C28="Pédichiffe","p",IF(C28="Ecouvillon","e",IF(C28="Feces","f",""))) -> FK-011Fe | F28: =_xlfn.XLOOKUP(B28,[1]Elevage!A:A,[1]Elevage!B:B) -> 46112 | G28: =G27 -> Eco-antibio2 | H28: =IF(AND(I28=0,K28=0),0,1) -> 0 | I28: 0 | J28: négatif | K28: 0 | L28: négatif | AJ28: 0
A29: Fayçal Khetim | B29: ="FK-"&TEXT(5+INT((ROW()-8)/3),"000") -> FK-012 | C29: Pédichiffe | D29: cochette | E29: =B29&IF(D29="charcutier","M",IF(D29="cochette","F",""))&IF(C29="Pédichiffe","p",IF(C29="Ecouvillon","e",IF(C29="Feces","f",""))) -> FK-012Fp | F29: =_xlfn.XLOOKUP(B29,[1]Elevage!A:A,[1]Elevage!B:B) -> 46112 | G29: =G28 -> Eco-antibio2 | H29: =IF(AND(I29=0,K29=0),0,1) -> 0 | I29: 0 | J29: négatif | K29: 0 | L29: négatif | AJ29: 0
A30: Fayçal Khetim | B30: ="FK-"&TEXT(5+INT((ROW()-8)/3),"000") -> FK-012 | C30: Pédichiffe | D30: charcutier | E30: =B30&IF(D30="charcutier","M",IF(D30="cochette","F",""))&IF(C30="Pédichiffe","p",IF(C30="Ecouvillon","e",IF(C30="Feces","f",""))) -> FK-012Mp | F30: =_xlfn.XLOOKUP(B30,[1]Elevage!A:A,[1]Elevage!B:B) -> 46112 | G30: =G29 -> Eco-antibio2 | H30: =IF(AND(I30=0,K30=0),0,1) -> 0 | I30: 0 | J30: négatif | K30: 0 | L30: négatif | AJ30: 0
A31: Fayçal Khetim | B31: ="FK-"&TEXT(5+INT((ROW()-8)/3),"000") -> FK-012 | C31: Ecouvillon | D31: cochette | E31: =B31&IF(D31="charcutier","M",IF(D31="cochette","F",""))&IF(C31="Pédichiffe","p",IF(C31="Ecouvillon","e",IF(C31="Feces","f",""))) -> FK-012Fe | F31: =_xlfn.XLOOKUP(B31,[1]Elevage!A:A,[1]Elevage!B:B) -> 46112 | G31: =G30 -> Eco-antibio2 | H31: =IF(AND(I31=0,K31=0),0,1) -> 0 | I31: 0 | J31: négatif | K31: 0 | L31: négatif | AJ31: 0
A32: Fayçal Khetim | B32: ="FK-"&TEXT(5+INT((ROW()-8)/3),"000") -> FK-013 | C32: Pédichiffe | D32: cochette | E32: =B32&IF(D32="charcutier","M",IF(D32="cochette","F",""))&IF(C32="Pédichiffe","p",IF(C32="Ecouvillon","e",IF(C32="Feces","f",""))) -> FK-013Fp | F32: =_xlfn.XLOOKUP(B32,[1]Elevage!A:A,[1]Elevage!B:B) -> 46112 | G32: =G31 -> Eco-antibio2 | H32: =IF(AND(I32=0,K32=0),0,1) -> 1 | I32: 1 | J32: x | K32: 0 | L32: négatif | M32: 13FP.B | N32: 0 | O32: 25 | P32: 16 | Q32: 18 | R32: 0 | S32: 0 | T32: 0 | U32: 28 | V32: 0 | W32: 37 | X32: 28 | Y32: 30 | Z32: 34 | AA32: 40 | AB32: 38 | AC32: 26 | AD32: NO | AH32: Enterobacter cloacae | AI32: 14 | AJ32: 1
A33: Fayçal Khetim | B33: ="FK-"&TEXT(5+INT((ROW()-8)/3),"000") -> FK-013 | C33: Pédichiffe | D33: charcutier | E33: =B33&IF(D33="charcutier","M",IF(D33="cochette","F",""))&IF(C33="Pédichiffe","p",IF(C33="Ecouvillon","e",IF(C33="Feces","f",""))) -> FK-013Mp | F33: =_xlfn.XLOOKUP(B33,[1]Elevage!A:A,[1]Elevage!B:B) -> 46112 | G33: =G32 -> Eco-antibio2 | H33: =IF(AND(I33=0,K33=0),0,1) -> 0 | I33: 0 | J33: négatif | K33: 0 | L33: négatif | AJ33: 1
A34: Fayçal Khetim | B34: ="FK-"&TEXT(5+INT((ROW()-8)/3),"000") -> FK-013 | C34: Ecouvillon | D34: cochette | E34: =B34&IF(D34="charcutier","M",IF(D34="cochette","F",""))&IF(C34="Pédichiffe","p",IF(C34="Ecouvillon","e",IF(C34="Feces","f",""))) -> FK-013Fe | F34: =_xlfn.XLOOKUP(B34,[1]Elevage!A:A,[1]Elevage!B:B) -> 46112 | G34: =G33 -> Eco-antibio2 | H34: =IF(AND(I34=0,K34=0),0,1) -> 0 | I34: 0 | J34: négatif | K34: 0 | L34: négatif | AJ34: 1
A35: Fayçal Khetim | B35: ="FK-"&TEXT(5+INT((ROW()-8)/3),"000") -> FK-014 | C35: Pédichiffe | D35: cochette | E35: =B35&IF(D35="charcutier","M",IF(D35="cochette","F",""))&IF(C35="Pédichiffe","p",IF(C35="Ecouvillon","e",IF(C35="Feces","f",""))) -> FK-014Fp | F35: =_xlfn.XLOOKUP(B35,[1]Elevage!A:A,[1]Elevage!B:B) -> 46112 | G35: =G34 -> Eco-antibio2 | H35: =IF(AND(I35=0,K35=0),0,1) -> 0 | I35: 0 | J35: négatif | K35: 0 | L35: négatif | AJ35: 1
A36: Fayçal Khetim | B36: ="FK-"&TEXT(5+INT((ROW()-8)/3),"000") -> FK-014 | C36: Pédichiffe | D36: charcutier | E36: =B36&IF(D36="charcutier","M",IF(D36="cochette","F",""))&IF(C36="Pédichiffe","p",IF(C36="Ecouvillon","e",IF(C36="Feces","f",""))) -> FK-014Mp | F36: =_xlfn.XLOOKUP(B36,[1]Elevage!A:A,[1]Elevage!B:B) -> 46112 | G36: =G35 -> Eco-antibio2 | H36: =IF(AND(I36=0,K36=0),0,1) -> 0 | I36: 0 | J36: négatif | K36: 0 | L36: négatif | AH36: X | AI36: 0 | AJ36: 1
A37: Fayçal Khetim | B37: ="FK-"&TEXT(5+INT((ROW()-8)/3),"000") -> FK-014 | C37: Ecouvillon | D37: cochette | E37: =B37&IF(D37="charcutier","M",IF(D37="cochette","F",""))&IF(C37="Pédichiffe","p",IF(C37="Ecouvillon","e",IF(C37="Feces","f",""))) -> FK-014Fe | F37: =_xlfn.XLOOKUP(B37,[1]Elevage!A:A,[1]Elevage!B:B) -> 46112 | G37: =G36 -> Eco-antibio2 | H37: =IF(AND(I37=0,K37=0),0,1) -> 0 | I37: 0 | J37: négatif | K37: 0 | L37: négatif | AJ37: 1
A38: Fayçal Khetim | B38: ="FK-"&TEXT(5+INT((ROW()-8)/3),"000") -> FK-015 | C38: Pédichiffe | D38: cochette | E38: =B38&IF(D38="charcutier","M",IF(D38="cochette","F",""))&IF(C38="Pédichiffe","p",IF(C38="Ecouvillon","e",IF(C38="Feces","f",""))) -> FK-015Fp | F38: =_xlfn.XLOOKUP(B38,[1]Elevage!A:A,[1]Elevage!B:B) -> 46113 | G38: =G37 -> Eco-antibio2 | H38: =IF(AND(I38=0,K38=0),0,1) -> 0 | I38: 0 | J38: négatif | K38: 0 | L38: négatif | AJ38: 0
A39: Fayçal Khetim | B39: ="FK-"&TEXT(5+INT((ROW()-8)/3),"000") -> FK-015 | C39: Pédichiffe | D39: charcutier | E39: =B39&IF(D39="charcutier","M",IF(D39="cochette","F",""))&IF(C39="Pédichiffe","p",IF(C39="Ecouvillon","e",IF(C39="Feces","f",""))) -> FK-015Mp | F39: =_xlfn.XLOOKUP(B39,[1]Elevage!A:A,[1]Elevage!B:B) -> 46113 | G39: =G38 -> Eco-antibio2 | H39: =IF(AND(I39=0,K39=0),0,1) -> 0 | I39: 0 | J39: négatif | K39: 0 | L39: négatif | AJ39: 0
A40: Fayçal Khetim | B40: ="FK-"&TEXT(5+INT((ROW()-8)/3),"000") -> FK-015 | C40: Ecouvillon | D40: cochette | E40: =B40&IF(D40="charcutier","M",IF(D40="cochette","F",""))&IF(C40="Pédichiffe","p",IF(C40="Ecouvillon","e",IF(C40="Feces","f",""))) -> FK-015Fe | F40: =_xlfn.XLOOKUP(B40,[1]Elevage!A:A,[1]Elevage!B:B) -> 46113 | G40: =G39 -> Eco-antibio2 | H40: =IF(AND(I40=0,K40=0),0,1) -> 0 | I40: 0 | J40: négatif | K40: 0 | L40: négatif | AJ40: 0
A41: Fayçal Khetim | B41: ="FK-"&TEXT(5+INT((ROW()-8)/3),"000") -> FK-016 | C41: Pédichiffe | D41: cochette | E41: =B41&IF(D41="charcutier","M",IF(D41="cochette","F",""))&IF(C41="Pédichiffe","p",IF(C41="Ecouvillon","e",IF(C41="Feces","f",""))) -> FK-016Fp | F41: =_xlfn.XLOOKUP(B41,[1]Elevage!A:A,[1]Elevage!B:B) -> 46113 | G41: =G40 -> Eco-antibio2 | H41: =IF(AND(I41=0,K41=0),0,1) -> 0 | I41: 0 | J41: négatif | K41: 0 | L41: négatif | AJ41: 0
A42: Fayçal Khetim | B42: ="FK-"&TEXT(5+INT((ROW()-8)/3),"000") -> FK-016 | C42: Pédichiffe | D42: charcutier | E42: =B42&IF(D42="charcutier","M",IF(D42="cochette","F",""))&IF(C42="Pédichiffe","p",IF(C42="Ecouvillon","e",IF(C42="Feces","f",""))) -> FK-016Mp | F42: =_xlfn.XLOOKUP(B42,[1]Elevage!A:A,[1]Elevage!B:B) -> 46113 | G42: =G41 -> Eco-antibio2 | H42: =IF(AND(I42=0,K42=0),0,1) -> 0 | I42: 0 | J42: négatif | K42: 0 | L42: négatif | AJ42: 0
A43: Fayçal Khetim | B43: ="FK-"&TEXT(5+INT((ROW()-8)/3),"000") -> FK-016 | C43: Ecouvillon | D43: cochette | E43: =B43&IF(D43="charcutier","M",IF(D43="cochette","F",""))&IF(C43="Pédichiffe","p",IF(C43="Ecouvillon","e",IF(C43="Feces","f",""))) -> FK-016Fe | F43: =_xlfn.XLOOKUP(B43,[1]Elevage!A:A,[1]Elevage!B:B) -> 46113 | G43: =G42 -> Eco-antibio2 | H43: =IF(AND(I43=0,K43=0),0,1) -> 0 | I43: 0 | J43: négatif | K43: 0 | L43: négatif | AJ43: 0
A44: Fayçal Khetim | B44: ="FK-"&TEXT(5+INT((ROW()-8)/3),"000") -> FK-017 | C44: Pédichiffe | D44: cochette | E44: =B44&IF(D44="charcutier","M",IF(D44="cochette","F",""))&IF(C44="Pédichiffe","p",IF(C44="Ecouvillon","e",IF(C44="Feces","f",""))) -> FK-017Fp | F44: =_xlfn.XLOOKUP(B44,[1]Elevage!A:A,[1]Elevage!B:B) -> 46113 | G44: =G43 -> Eco-antibio2 | H44: =IF(AND(I44=0,K44=0),0,1) -> 0 | I44: 0 | J44: négatif | K44: 0 | L44: négatif | AJ44: 0
A45: Fayçal Khetim | B45: ="FK-"&TEXT(5+INT((ROW()-8)/3),"000") -> FK-017 | C45: Pédichiffe | D45: charcutier | E45: =B45&IF(D45="charcutier","M",IF(D45="cochette","F",""))&IF(C45="Pédichiffe","p",IF(C45="Ecouvillon","e",IF(C45="Feces","f",""))) -> FK-017Mp | F45: =_xlfn.XLOOKUP(B45,[1]Elevage!A:A,[1]Elevage!B:B) -> 46113 | G45: =G44 -> Eco-antibio2 | H45: =IF(AND(I45=0,K45=0),0,1) -> 0 | I45: 0 | J45: négatif | K45: 0 | L45: négatif | AJ45: 0
A46: Fayçal Khetim | B46: ="FK-"&TEXT(5+INT((ROW()-8)/3),"000") -> FK-017 | C46: Ecouvillon | D46: cochette | E46: =B46&IF(D46="charcutier","M",IF(D46="cochette","F",""))&IF(C46="Pédichiffe","p",IF(C46="Ecouvillon","e",IF(C46="Feces","f",""))) -> FK-017Fe | F46: =_xlfn.XLOOKUP(B46,[1]Elevage!A:A,[1]Elevage!B:B) -> 46113 | G46: =G45 -> Eco-antibio2 | H46: =IF(AND(I46=0,K46=0),0,1) -> 0 | I46: 0 | J46: négatif | K46: 0 | L46: négatif | AJ46: 0
A47: Fayçal Khetim | B47: ="FK-"&TEXT(5+INT((ROW()-8)/3),"000") -> FK-018 | C47: Pédichiffe | D47: cochette | E47: =B47&IF(D47="charcutier","M",IF(D47="cochette","F",""))&IF(C47="Pédichiffe","p",IF(C47="Ecouvillon","e",IF(C47="Feces","f",""))) -> FK-018Fp | F47: =_xlfn.XLOOKUP(B47,[1]Elevage!A:A,[1]Elevage!B:B) -> 46114 | G47: =G46 -> Eco-antibio2 | H47: =IF(AND(I47=0,K47=0),0,1) -> 0 | I47: 0 | J47: négatif | K47: 0 | L47: négatif | AJ47: 0
A48: Fayçal Khetim | B48: ="FK-"&TEXT(5+INT((ROW()-8)/3),"000") -> FK-018 | C48: Pédichiffe | D48: charcutier | E48: =B48&IF(D48="charcutier","M",IF(D48="cochette","F",""))&IF(C48="Pédichiffe","p",IF(C48="Ecouvillon","e",IF(C48="Feces","f",""))) -> FK-018Mp | F48: =_xlfn.XLOOKUP(B48,[1]Elevage!A:A,[1]Elevage!B:B) -> 46114 | G48: =G47 -> Eco-antibio2 | H48: =IF(AND(I48=0,K48=0),0,1) -> 0 | I48: 0 | J48: négatif | K48: 0 | L48: négatif | AJ48: 0
... A61: Fayçal Khetim | B61: ="FK-"&TEXT(5+INT((ROW()-8)/3),"000") -> FK-022 | C61: Ecouvillon | D61: cochette | E61: =B61&IF(D61="charcutier","M",IF(D61="cochette","F",""))&IF(C61="Pédichiffe","p",IF(C61="Ecouvillon","e",IF(C61="Feces","f",""))) -> FK-022Fe | F61: =_xlfn.XLOOKUP(B61,[1]Elevage!A:A,[1]Elevage!B:B) -> 46120 | G61: =G60 -> Eco-antibio2 | H61: =IF(AND(I61=0,K61=0),0,1) -> 0 | I61: 0 | J61: négatif | K61: 0 | L61: négatif | AJ61: 0
A62: Fayçal Khetim | B62: FK-22b | C62: Pédichiffe | D62: cochette | E62: =B62&IF(D62="charcutier","M",IF(D62="cochette","F",""))&IF(C62="Pédichiffe","p",IF(C62="Ecouvillon","e",IF(C62="Feces","f",""))) -> FK-22bFp | F62: =Elevage!B24 -> 46121 | G62: =G61 -> Eco-antibio2 | H62: =IF(AND(I62=0,K62=0),0,1) -> 0 | I62: 0 | J62: négatif | K62: 0 | L62: négatif | AJ62: 0
A63: Fayçal Khetim | B63: FK-22b | C63: Pédichiffe | D63: charcutier | E63: =B63&IF(D63="charcutier","M",IF(D63="cochette","F",""))&IF(C63="Pédichiffe","p",IF(C63="Ecouvillon","e",IF(C63="Feces","f",""))) -> FK-22bMp | F63: =Elevage!B24 -> 46121 | G63: =G62 -> Eco-antibio2 | H63: =IF(AND(I63=0,K63=0),0,1) -> 0 | I63: 0 | J63: négatif | K63: 0 | L63: négatif | AJ63: 0
A64: Fayçal Khetim | B64: FK-22b | C64: Ecouvillon | D64: cochette | E64: =B64&IF(D64="charcutier","M",IF(D64="cochette","F",""))&IF(C64="Pédichiffe","p",IF(C64="Ecouvillon","e",IF(C64="Feces","f",""))) -> FK-22bFe | F64: =Elevage!B24 -> 46121 | G64: =G63 -> Eco-antibio2 | H64: =IF(AND(I64=0,K64=0),0,1) -> 0 | I64: 0 | J64: négatif | K64: 0 | L64: négatif | AJ64: 0
A65: Fayçal Khetim | B65: ="FK-"&TEXT(4+INT((ROW()-8)/3),"000") -> FK-023 | C65: Pédichiffe | D65: cochette | E65: =B65&IF(D65="charcutier","M",IF(D65="cochette","F",""))&IF(C65="Pédichiffe","p",IF(C65="Ecouvillon","e",IF(C65="Feces","f",""))) -> FK-023Fp | F65: =_xlfn.XLOOKUP(B65,[1]Elevage!A:A,[1]Elevage!B:B) -> 46121 | G65: =G61 -> Eco-antibio2 | H65: =IF(AND(I65=0,K65=0),0,1) -> 0 | I65: 0 | J65: négatif | K65: 0 | L65: négatif | AJ65: 0
A66: Fayçal Khetim | B66: ="FK-"&TEXT(4+INT((ROW()-8)/3),"000") -> FK-023 | C66: Pédichiffe | D66: charcutier | E66: =B66&IF(D66="charcutier","M",IF(D66="cochette","F",""))&IF(C66="Pédichiffe","p",IF(C66="Ecouvillon","e",IF(C66="Feces","f",""))) -> FK-023Mp | F66: =_xlfn.XLOOKUP(B66,[1]Elevage!A:A,[1]Elevage!B:B) -> 46121 | G66: =G65 -> Eco-antibio2 | H66: =IF(AND(I66=0,K66=0),0,1) -> 0 | I66: 0 | J66: négatif | K66: 0 | L66: négatif | AJ66: 0
A67: Fayçal Khetim | B67: ="FK-"&TEXT(4+INT((ROW()-8)/3),"000") -> FK-023 | C67: Ecouvillon | D67: cochette | E67: =B67&IF(D67="charcutier","M",IF(D67="cochette","F",""))&IF(C67="Pédichiffe","p",IF(C67="Ecouvillon","e",IF(C67="Feces","f",""))) -> FK-023Fe | F67: =_xlfn.XLOOKUP(B67,[1]Elevage!A:A,[1]Elevage!B:B) -> 46121 | G67: =G66 -> Eco-antibio2 | H67: =IF(AND(I67=0,K67=0),0,1) -> 0 | I67: 0 | J67: négatif | K67: 0 | L67: négatif | AJ67: 0
A68: Fayçal Khetim | B68: ="FK-"&TEXT(4+INT((ROW()-8)/3),"000") -> FK-024 | C68: Pédichiffe | D68: cochette | E68: =B68&IF(D68="charcutier","M",IF(D68="cochette","F",""))&IF(C68="Pédichiffe","p",IF(C68="Ecouvillon","e",IF(C68="Feces","f",""))) -> FK-024Fp | F68: =_xlfn.XLOOKUP(B68,[1]Elevage!A:A,[1]Elevage!B:B) -> 46121 | G68: =G67 -> Eco-antibio2 | H68: =IF(AND(I68=0,K68=0),0,1) -> 0 | I68: 0 | J68: négatif | K68: 0 | L68: négatif | AJ68: 1
A69: Fayçal Khetim | B69: ="FK-"&TEXT(4+INT((ROW()-8)/3),"000") -> FK-024 | C69: Pédichiffe | D69: charcutier | E69: =B69&IF(D69="charcutier","M",IF(D69="cochette","F",""))&IF(C69="Pédichiffe","p",IF(C69="Ecouvillon","e",IF(C69="Feces","f",""))) -> FK-024Mp | F69: =_xlfn.XLOOKUP(B69,[1]Elevage!A:A,[1]Elevage!B:B) -> 46121 | G69: =G68 -> Eco-antibio2 | H69: =IF(AND(I69=0,K69=0),0,1) -> 1 | I69: 1 | J69: x | K69: 0 | L69: négatif | M69: 24MP.R | N69: 0 | O69: 25 | P69: 0 | Q69: 15 | R69: 0 | S69: 19 | T69: 23 | U69: 21 | V69: 0 | W69: 21 | X69: 34 | Y69: 32 | Z69: 28 | AA69: 34 | AB69: 0 | AC69: 0 | AD69: YES | AH69: e-coli | AI69: 156 | AJ69: 1
A70: Fayçal Khetim | B70: ="FK-"&TEXT(4+INT((ROW()-8)/3),"000") -> FK-024 | C70: Ecouvillon | D70: cochette | E70: =B70&IF(D70="charcutier","M",IF(D70="cochette","F",""))&IF(C70="Pédichiffe","p",IF(C70="Ecouvillon","e",IF(C70="Feces","f",""))) -> FK-024Fe | F70: =_xlfn.XLOOKUP(B70,[1]Elevage!A:A,[1]Elevage!B:B) -> 46121 | G70: =G69 -> Eco-antibio2 | H70: =IF(AND(I70=0,K70=0),0,1) -> 0 | I70: 0 | J70: négatif | K70: 0 | L70: négatif | AJ70: 1
A71: Fayçal Khetim | B71: ="FK-"&TEXT(4+INT((ROW()-8)/3),"000") -> FK-025 | C71: Pédichiffe | D71: cochette | E71: =B71&IF(D71="charcutier","M",IF(D71="cochette","F",""))&IF(C71="Pédichiffe","p",IF(C71="Ecouvillon","e",IF(C71="Feces","f",""))) -> FK-025Fp | F71: =_xlfn.XLOOKUP(B71,[1]Elevage!A:A,[1]Elevage!B:B) -> 46121 | G71: =G70 -> Eco-antibio2 | H71: =IF(AND(I71=0,K71=0),0,1) -> 0 | I71: 0 | J71: négatif | K71: 0 | L71: négatif | AJ71: 0
A72: Fayçal Khetim | B72: ="FK-"&TEXT(4+INT((ROW()-8)/3),"000") -> FK-025 | C72: Pédichiffe | D72: charcutier | E72: =B72&IF(D72="charcutier","M",IF(D72="cochette","F",""))&IF(C72="Pédichiffe","p",IF(C72="Ecouvillon","e",IF(C72="Feces","f",""))) -> FK-025Mp | F72: =_xlfn.XLOOKUP(B72,[1]Elevage!A:A,[1]Elevage!B:B) -> 46121 | G72: =G71 -> Eco-antibio2 | H72: =IF(AND(I72=0,K72=0),0,1) -> 0 | I72: 0 | J72: négatif | K72: 0 | L72: négatif | AJ72: 0
A73: Fayçal Khetim | B73: ="FK-"&TEXT(4+INT((ROW()-8)/3),"000") -> FK-025 | C73: Ecouvillon | D73: cochette | E73: =B73&IF(D73="charcutier","M",IF(D73="cochette","F",""))&IF(C73="Pédichiffe","p",IF(C73="Ecouvillon","e",IF(C73="Feces","f",""))) -> FK-025Fe | F73: =_xlfn.XLOOKUP(B73,[1]Elevage!A:A,[1]Elevage!B:B) -> 46121 | G73: =G72 -> Eco-antibio2 | H73: =IF(AND(I73=0,K73=0),0,1) -> 0 | I73: 0 | J73: négatif | K73: 0 | L73: négatif | AJ73: 0
A74: Fayçal Khetim | B74: ="FK-"&TEXT(5+INT((ROW()-8)/3),"000") -> FK-027 | C74: Pédichiffe | D74: cochette | E74: =B74&IF(D74="charcutier","M",IF(D74="cochette","F",""))&IF(C74="Pédichiffe","p",IF(C74="Ecouvillon","e",IF(C74="Feces","f",""))) -> FK-027Fp | F74: =_xlfn.XLOOKUP(B74,[1]Elevage!A:A,[1]Elevage!B:B) -> 46122 | G74: =G73 -> Eco-antibio2 | H74: =IF(AND(I74=0,K74=0),0,1) -> 0 | I74: 0 | J74: négatif | K74: 0 | L74: négatif | AJ74: 0
A75: Fayçal Khetim | B75: ="FK-"&TEXT(5+INT((ROW()-8)/3),"000") -> FK-027 | C75: Pédichiffe | D75: charcutier | E75: =B75&IF(D75="charcutier","M",IF(D75="cochette","F",""))&IF(C75="Pédichiffe","p",IF(C75="Ecouvillon","e",IF(C75="Feces","f",""))) -> FK-027Mp | F75: =_xlfn.XLOOKUP(B75,[1]Elevage!A:A,[1]Elevage!B:B) -> 46122 | G75: =G74 -> Eco-antibio2 | H75: =IF(AND(I75=0,K75=0),0,1) -> 0 | I75: 0 | J75: négatif | K75: 0 | L75: négatif | AJ75: 0
A76: Fayçal Khetim | B76: ="FK-"&TEXT(5+INT((ROW()-8)/3),"000") -> FK-027 | C76: Ecouvillon | D76: cochette | E76: =B76&IF(D76="charcutier","M",IF(D76="cochette","F",""))&IF(C76="Pédichiffe","p",IF(C76="Ecouvillon","e",IF(C76="Feces","f",""))) -> FK-027Fe | F76: =_xlfn.XLOOKUP(B76,[1]Elevage!A:A,[1]Elevage!B:B) -> 46122 | G76: =G75 -> Eco-antibio2 | H76: =IF(AND(I76=0,K76=0),0,1) -> 0 | I76: 0 | J76: négatif | K76: 0 | L76: négatif | AJ76: 0
A77: Fayçal Khetim | B77: ="FK-"&TEXT(5+INT((ROW()-8)/3),"000") -> FK-028 | C77: Pédichiffe | D77: cochette | E77: =B77&IF(D77="charcutier","M",IF(D77="cochette","F",""))&IF(C77="Pédichiffe","p",IF(C77="Ecouvillon","e",IF(C77="Feces","f",""))) -> FK-028Fp | F77: =_xlfn.XLOOKUP(B77,[1]Elevage!A:A,[1]Elevage!B:B) -> 46122 | G77: =G76 -> Eco-antibio2 | H77: =IF(AND(I77=0,K77=0),0,1) -> 1 | I77: 1 | J77: x | K77: 0 | L77: négatif | M77: 28FP.R | N77: 0 | O77: 13 | P77: 0 | Q77: 16 | R77: 14 | S77: 20 | T77: 24 | U77: 22 | V77: 0 | W77: 28 | X77: 38 | Y77: 36 | Z77: 28 | AA77: 27 | AB77: 27 | AC77: 0 | AD77: YES | AH77: e-coli | AI77: 3268 | AJ77: 1
A78: Fayçal Khetim | B78: ="FK-"&TEXT(5+INT((ROW()-8)/3),"000") -> FK-028 | C78: Pédichiffe | D78: charcutier | E78: =B78&IF(D78="charcutier","M",IF(D78="cochette","F",""))&IF(C78="Pédichiffe","p",IF(C78="Ecouvillon","e",IF(C78="Feces","f",""))) -> FK-028Mp | F78: =_xlfn.XLOOKUP(B78,[1]Elevage!A:A,[1]Elevage!B:B) -> 46122 | G78: =G77 -> Eco-antibio2 | H78: =IF(AND(I78=0,K78=0),0,1) -> 0 | I78: 0 | J78: négatif | K78: 0 | L78: négatif | AJ78: 1
A79: Fayçal Khetim | B79: ="FK-"&TEXT(5+INT((ROW()-8)/3),"000") -> FK-028 | C79: Ecouvillon | D79: cochette | E79: =B79&IF(D79="charcutier","M",IF(D79="cochette","F",""))&IF(C79="Pédichiffe","p",IF(C79="Ecouvillon","e",IF(C79="Feces","f",""))) -> FK-028Fe | F79: =_xlfn.XLOOKUP(B79,[1]Elevage!A:A,[1]Elevage!B:B) -> 46122 | G79: =G78 -> Eco-antibio2 | H79: =IF(AND(I79=0,K79=0),0,1) -> 0 | I79: 0 | J79: négatif | K79: 0 | L79: négatif | AJ79: 1
A80: Fayçal Khetim | B80: ="FK-"&TEXT(5+INT((ROW()-8)/3),"000") -> FK-029 | C80: Pédichiffe | D80: cochette | E80: =B80&IF(D80="charcutier","M",IF(D80="cochette","F",""))&IF(C80="Pédichiffe","p",IF(C80="Ecouvillon","e",IF(C80="Feces","f",""))) -> FK-029Fp | F80: =_xlfn.XLOOKUP(B80,[1]Elevage!A:A,[1]Elevage!B:B) -> 46122 | G80: =G78 -> Eco-antibio2 | H80: =IF(AND(I80=0,K80=0),0,1) -> 1 | I80: 1 | J80: X | K80: 0 | L80: négatif | M80: 29FP.R | N80: 0 | O80: 25 | P80: 0 | Q80: 15 | R80: 12 | S80: 21 | T80: 22 | U80: 21 | V80: 0 | W80: 28 | X80: 37 | Y80: 33 | Z80: 24 | AA80: 28 | AB80: 33 | AC80: 29 | AD80: YES | AH80: e-coli | AI80: 58 | AJ80: 1
A81: Fayçal Khetim | B81: ="FK-"&TEXT(5+INT((ROW()-8)/3),"000") -> FK-029 | C81: Pédichiffe | D81: cochette | E81: =B81&IF(D81="charcutier","M",IF(D81="cochette","F",""))&IF(C81="Pédichiffe","p",IF(C81="Ecouvillon","e",IF(C81="Feces","f",""))) -> FK-029Fp | F81: =_xlfn.XLOOKUP(B81,[1]Elevage!A:A,[1]Elevage!B:B) -> 46122 | G81: =G79 -> Eco-antibio2 | H81: =IF(AND(I81=0,K81=0),0,1) -> 1 | I81: 1 | J81: x | K81: 1 | L81: x | M81: 29FP.B | N81: 0 | O81: 23 | P81: 24 | Q81: 15 | R81: 23 | S81: 0 | T81: 27 | U81: 21 | V81: 0 | W81: 36 | X81: 0 | Y81: 0 | Z81: 30 | AA81: 34 | AB81: 30 | AC81: 23 | AD81: YES | AH81: Enterobacter cloacae | AI81: 2706 | AJ81: 1
A82: Fayçal Khetim | B82: ="FK-"&TEXT(5+INT((ROW()-8)/3),"000") -> FK-029 | C82: Pédichiffe | D82: charcutier | E82: =B82&IF(D82="charcutier","M",IF(D82="cochette","F",""))&IF(C82="Pédichiffe","p",IF(C82="Ecouvillon","e",IF(C82="Feces","f",""))) -> FK-029Mp | F82: =_xlfn.XLOOKUP(B82,[1]Elevage!A:A,[1]Elevage!B:B) -> 46122 | G82: =G81 -> Eco-antibio2 | H82: =IF(AND(I82=0,K82=0),0,1) -> 0 | I82: 0 | J82: négatif | K82: 0 | L82: négatif | AJ82: 1
A83: Fayçal Khetim | B83: FK-029 | C83: Ecouvillon | D83: cochette | E83: =B83&IF(D83="charcutier","M",IF(D83="cochette","F",""))&IF(C83="Pédichiffe","p",IF(C83="Ecouvillon","e",IF(C83="Feces","f",""))) -> FK-029Fe | F83: =_xlfn.XLOOKUP(B83,[1]Elevage!A:A,[1]Elevage!B:B) -> 46122 | G83: =G82 -> Eco-antibio2 | H83: =IF(AND(I83=0,K83=0),0,1) -> 0 | I83: 0 | J83: négatif | K83: 0 | L83: négatif | AJ83: 1
A84: Fayçal Khetim | B84: ="FK-"&TEXT(30+INT((ROW()-84)/3),"000") -> FK-030 | C84: Pédichiffe | D84: cochette | E84: =B84&IF(D84="charcutier","M",IF(D84="cochette","F",""))&IF(C84="Pédichiffe","p",IF(C84="Ecouvillon","e",IF(C84="Feces","f",""))) -> FK-030Fp | F84: =_xlfn.XLOOKUP(B84,[1]Elevage!A:A,[1]Elevage!B:B) -> 46122 | G84: =G81 -> Eco-antibio2 | H84: =IF(AND(I84=0,K84=0),0,1) -> 0 | I84: 0 | J84: négatif | K84: 0 | L84: négatif | AJ84: 0
A85: Fayçal Khetim | B85: ="FK-"&TEXT(30+INT((ROW()-84)/3),"000") -> FK-030 | C85: Pédichiffe | D85: charcutier | E85: =B85&IF(D85="charcutier","M",IF(D85="cochette","F",""))&IF(C85="Pédichiffe","p",IF(C85="Ecouvillon","e",IF(C85="Feces","f",""))) -> FK-030Mp | F85: =_xlfn.XLOOKUP(B85,[1]Elevage!A:A,[1]Elevage!B:B) -> 46122 | G85: =G83 -> Eco-antibio2 | H85: =IF(AND(I85=0,K85=0),0,1) -> 0 | I85: 0 | J85: négatif | K85: 0 | L85: négatif | AJ85: 0
A86: Fayçal Khetim | B86: ="FK-"&TEXT(30+INT((ROW()-84)/3),"000") -> FK-030 | C86: Ecouvillon | D86: cochette | E86: =B86&IF(D86="charcutier","M",IF(D86="cochette","F",""))&IF(C86="Pédichiffe","p",IF(C86="Ecouvillon","e",IF(C86="Feces","f",""))) -> FK-030Fe | F86: =_xlfn.XLOOKUP(B86,[1]Elevage!A:A,[1]Elevage!B:B) -> 46122 | G86: =G85 -> Eco-antibio2 | H86: =IF(AND(I86=0,K86=0),0,1) -> 0 | I86: 0 | J86: négatif | K86: 0 | L86: négatif | AJ86: 0
A87: Fayçal Khetim | B87: ="FK-"&TEXT(30+INT((ROW()-84)/3),"000") -> FK-031 | C87: Pédichiffe | D87: cochette | E87: =B87&IF(D87="charcutier","M",IF(D87="cochette","F",""))&IF(C87="Pédichiffe","p",IF(C87="Ecouvillon","e",IF(C87="Feces","f",""))) -> FK-031Fp | F87: =_xlfn.XLOOKUP(B87,[1]Elevage!A:A,[1]Elevage!B:B) -> 46125 | G87: =G86 -> Eco-antibio2 | H87: =IF(AND(I87=0,K87=0),0,1) -> 0 | I87: 0 | J87: négatif | K87: 0 | L87: négatif | AJ87: 0
A88: Fayçal Khetim | B88: ="FK-"&TEXT(30+INT((ROW()-84)/3),"000") -> FK-031 | C88: Pédichiffe | D88: charcutier | E88: =B88&IF(D88="charcutier","M",IF(D88="cochette","F",""))&IF(C88="Pédichiffe","p",IF(C88="Ecouvillon","e",IF(C88="Feces","f",""))) -> FK-031Mp | F88: =_xlfn.XLOOKUP(B88,[1]Elevage!A:A,[1]Elevage!B:B) -> 46125 | G88: =G87 -> Eco-antibio2 | H88: =IF(AND(I88=0,K88=0),0,1) -> 0 | I88: 0 | J88: négatif | K88: 0 | L88: négatif | AJ88: 0
A89: Fayçal Khetim | B89: ="FK-"&TEXT(30+INT((ROW()-84)/3),"000") -> FK-031 | C89: Ecouvillon | D89: cochette | E89: =B89&IF(D89="charcutier","M",IF(D89="cochette","F",""))&IF(C89="Pédichiffe","p",IF(C89="Ecouvillon","e",IF(C89="Feces","f",""))) -> FK-031Fe | F89: =_xlfn.XLOOKUP(B89,[1]Elevage!A:A,[1]Elevage!B:B) -> 46125 | G89: =G88 -> Eco-antibio2 | H89: =IF(AND(I89=0,K89=0),0,1) -> 0 | I89: 0 | J89: négatif | K89: 0 | L89: négatif | AJ89: 0
A90: Fayçal Khetim | B90: ="FK-"&TEXT(30+INT((ROW()-84)/3),"000") -> FK-032 | C90: Pédichiffe | D90: cochette | E90: =B90&IF(D90="charcutier","M",IF(D90="cochette","F",""))&IF(C90="Pédichiffe","p",IF(C90="Ecouvillon","e",IF(C90="Feces","f",""))) -> FK-032Fp | F90: =_xlfn.XLOOKUP(B90,[1]Elevage!A:A,[1]Elevage!B:B) -> 46125 | G90: =G89 -> Eco-antibio2 | H90: =IF(AND(I90=0,K90=0),0,1) -> 0 | I90: 0 | J90: négatif | K90: 0 | L90: négatif | AJ90: 0
A91: Fayçal Khetim | B91: ="FK-"&TEXT(30+INT((ROW()-84)/3),"000") -> FK-032 | C91: Pédichiffe | D91: charcutier | E91: =B91&IF(D91="charcutier","M",IF(D91="cochette","F",""))&IF(C91="Pédichiffe","p",IF(C91="Ecouvillon","e",IF(C91="Feces","f",""))) -> FK-032Mp | F91: =_xlfn.XLOOKUP(B91,[1]Elevage!A:A,[1]Elevage!B:B) -> 46125 | G91: =G90 -> Eco-antibio2 | H91: =IF(AND(I91=0,K91=0),0,1) -> 0 | I91: 0 | J91: négatif | K91: 0 | L91: négatif | AJ91: 0
A92: Fayçal Khetim | B92: ="FK-"&TEXT(30+INT((ROW()-84)/3),"000") -> FK-032 | C92: Ecouvillon | D92: cochette | E92: =B92&IF(D92="charcutier","M",IF(D92="cochette","F",""))&IF(C92="Pédichiffe","p",IF(C92="Ecouvillon","e",IF(C92="Feces","f",""))) -> FK-032Fe | F92: =_xlfn.XLOOKUP(B92,[1]Elevage!A:A,[1]Elevage!B:B) -> 46125 | G92: =G91 -> Eco-antibio2 | H92: =IF(AND(I92=0,K92=0),0,1) -> 0 | I92: 0 | J92: négatif | K92: 0 | L92: négatif | AJ92: 0
A93: Fayçal Khetim | B93: ="FK-"&TEXT(30+INT((ROW()-84)/3),"000") -> FK-033 | C93: Pédichiffe | D93: cochette | E93: =B93&IF(D93="charcutier","M",IF(D93="cochette","F",""))&IF(C93="Pédichiffe","p",IF(C93="Ecouvillon","e",IF(C93="Feces","f",""))) -> FK-033Fp | F93: =_xlfn.XLOOKUP(B93,[1]Elevage!A:A,[1]Elevage!B:B) -> 46128 | G93: =G92 -> Eco-antibio2 | H93: =IF(AND(I93=0,K93=0),0,1) -> 0 | I93: 0 | J93: négatif | K93: 0 | L93: négatif | AJ93: 0
A94: Fayçal Khetim | B94: ="FK-"&TEXT(30+INT((ROW()-84)/3),"000") -> FK-033 | C94: Pédichiffe | D94: charcutier | E94: =B94&IF(D94="charcutier","M",IF(D94="cochette","F",""))&IF(C94="Pédichiffe","p",IF(C94="Ecouvillon","e",IF(C94="Feces","f",""))) -> FK-033Mp | F94: =_xlfn.XLOOKUP(B94,[1]Elevage!A:A,[1]Elevage!B:B) -> 46128 | G94: =G93 -> Eco-antibio2 | H94: =IF(AND(I94=0,K94=0),0,1) -> 0 | I94: 0 | J94: négatif | K94: 0 | L94: négatif | AJ94: 0
A95: Fayçal Khetim | B95: ="FK-"&TEXT(30+INT((ROW()-84)/3),"000") -> FK-033 | C95: Ecouvillon | D95: cochette | E95: =B95&IF(D95="charcutier","M",IF(D95="cochette","F",""))&IF(C95="Pédichiffe","p",IF(C95="Ecouvillon","e",IF(C95="Feces","f",""))) -> FK-033Fe | F95: =_xlfn.XLOOKUP(B95,[1]Elevage!A:A,[1]Elevage!B:B) -> 46128 | G95: =G94 -> Eco-antibio2 | H95: =IF(AND(I95=0,K95=0),0,1) -> 0 | I95: 0 | J95: négatif | K95: 0 | L95: négatif | AJ95: 0
A96: Fayçal Khetim | B96: ="FK-"&TEXT(30+INT((ROW()-84)/3),"000") -> FK-034 | C96: Pédichiffe | D96: cochette | E96: =B96&IF(D96="charcutier","M",IF(D96="cochette","F",""))&IF(C96="Pédichiffe","p",IF(C96="Ecouvillon","e",IF(C96="Feces","f",""))) -> FK-034Fp | F96: =_xlfn.XLOOKUP(B96,[1]Elevage!A:A,[1]Elevage!B:B) -> 46128 | G96: =G95 -> Eco-antibio2 | H96: =IF(AND(I96=0,K96=0),0,1) -> 1 | I96: 1 | J96: x | K96: 0 | L96: négatif | M96: 34FP.R | N96: 0 | O96: 25 | P96: 0 | Q96: 16 | R96: 12 | S96: 21 | T96: 23 | U96: 21 | V96: 0 | W96: 25 | X96: 36 | Y96: 33 | Z96: 22 | AA96: 27 | AB96: 26 | AC96: 0 | AD96: YES | AH96: e-coli | AI96: 58 | AJ96: 1
A97: Fayçal Khetim | B97: ="FK-"&TEXT(30+INT((ROW()-84)/3),"000") -> FK-034 | C97: Pédichiffe | D97: charcutier | E97: =B97&IF(D97="charcutier","M",IF(D97="cochette","F",""))&IF(C97="Pédichiffe","p",IF(C97="Ecouvillon","e",IF(C97="Feces","f",""))) -> FK-034Mp | F97: =_xlfn.XLOOKUP(B97,[1]Elevage!A:A,[1]Elevage!B:B) -> 46128 | G97: =G96 -> Eco-antibio2 | H97: =IF(AND(I97=0,K97=0),0,1) -> 1 | I97: 1 | J97: x | K97: 0 | L97: négatif | M97: 34MP.R | N97: 0 | O97: 25 | P97: 0 | Q97: 16 | R97: 12 | S97: 21 | T97: 22 | U97: 21 | V97: 0 | W97: 29 | X97: 36 | Y97: 33 | Z97: 24 | AA97: 27 | AB97: 27 | AC97: 0 | AD97: YES | AH97: e-coli | AI97: 58 | AJ97: 1
A98: Fayçal Khetim | B98: ="FK-"&TEXT(30+INT((ROW()-84)/3),"000") -> FK-034 | C98: Ecouvillon | D98: cochette | E98: =B98&IF(D98="charcutier","M",IF(D98="cochette","F",""))&IF(C98="Pédichiffe","p",IF(C98="Ecouvillon","e",IF(C98="Feces","f",""))) -> FK-034Fe | F98: =_xlfn.XLOOKUP(B98,[1]Elevage!A:A,[1]Elevage!B:B) -> 46128 | G98: =G97 -> Eco-antibio2 | H98: =IF(AND(I98=0,K98=0),0,1) -> 0 | I98: 0 | J98: négatif | K98: 0 | L98: négatif | AJ98: 1
A99: Fayçal Khetim | B99: ="FK-"&TEXT(30+INT((ROW()-84)/3),"000") -> FK-035 | C99: Pédichiffe | D99: cochette | E99: =B99&IF(D99="charcutier","M",IF(D99="cochette","F",""))&IF(C99="Pédichiffe","p",IF(C99="Ecouvillon","e",IF(C99="Feces","f",""))) -> FK-035Fp | F99: =_xlfn.XLOOKUP(B99,[1]Elevage!A:A,[1]Elevage!B:B) -> 46128 | G99: =G98 -> Eco-antibio2 | H99: =IF(AND(I99=0,K99=0),0,1) -> 0 | I99: 0 | J99: négatif | K99: 0 | L99: négatif | AJ99: 0
A100: Fayçal Khetim | B100: ="FK-"&TEXT(30+INT((ROW()-84)/3),"000") -> FK-035 | C100: Pédichiffe | D100: charcutier | E100: =B100&IF(D100="charcutier","M",IF(D100="cochette","F",""))&IF(C100="Pédichiffe","p",IF(C100="Ecouvillon","e",IF(C100="Feces","f",""))) -> FK-035Mp | F100: =_xlfn.XLOOKUP(B100,[1]Elevage!A:A,[1]Elevage!B:B) -> 46128 | G100: =G99 -> Eco-antibio2 | H100: =IF(AND(I100=0,K100=0),0,1) -> 0 | I100: 0 | J100: négatif | K100: 0 | L100: négatif | AJ100: 0
A101: Fayçal Khetim | B101: ="FK-"&TEXT(30+INT((ROW()-84)/3),"000") -> FK-035 | C101: Ecouvillon | D101: cochette | E101: =B101&IF(D101="charcutier","M",IF(D101="cochette","F",""))&IF(C101="Pédichiffe","p",IF(C101="Ecouvillon","e",IF(C101="Feces","f",""))) -> FK-035Fe | F101: =_xlfn.XLOOKUP(B101,[1]Elevage!A:A,[1]Elevage!B:B) -> 46128 | G101: =G100 -> Eco-antibio2 | H101: =IF(AND(I101=0,K101=0),0,1) -> 0 | I101: 0 | J101: négatif | K101: 0 | L101: négatif | AJ101: 0
A102: Fayçal Khetim | B102: ="FK-"&TEXT(30+INT((ROW()-84)/3),"000") -> FK-036 | C102: Pédichiffe | D102: cochette | E102: =B102&IF(D102="charcutier","M",IF(D102="cochette","F",""))&IF(C102="Pédichiffe","p",IF(C102="Ecouvillon","e",IF(C102="Feces","f",""))) -> FK-036Fp | F102: =_xlfn.XLOOKUP(B102,[1]Elevage!A:A,[1]Elevage!B:B) -> 46128 | G102: =G101 -> Eco-antibio2 | H102: =IF(AND(I102=0,K102=0),0,1) -> 0 | I102: 0 | J102: négatif | K102: 0 | L102: négatif | AJ102: 0
A103: Fayçal Khetim | B103: ="FK-"&TEXT(30+INT((ROW()-84)/3),"000") -> FK-036 | C103: Pédichiffe | D103: charcutier | E103: =B103&IF(D103="charcutier","M",IF(D103="cochette","F",""))&IF(C103="Pédichiffe","p",IF(C103="Ecouvillon","e",IF(C103="Feces","f",""))) -> FK-036Mp | F103: =_xlfn.XLOOKUP(B103,[1]Elevage!A:A,[1]Elevage!B:B) -> 46128 | G103: =G102 -> Eco-antibio2 | H103: =IF(AND(I103=0,K103=0),0,1) -> 0 | I103: 0 | J103: négatif | K103: 0 | L103: négatif | AJ103: 0
A104: Fayçal Khetim | B104: ="FK-"&TEXT(30+INT((ROW()-84)/3),"000") -> FK-036 | C104: Ecouvillon | D104: cochette | E104: =B104&IF(D104="charcutier","M",IF(D104="cochette","F",""))&IF(C104="Pédichiffe","p",IF(C104="Ecouvillon","e",IF(C104="Feces","f",""))) -> FK-036Fe | F104: =_xlfn.XLOOKUP(B104,[1]Elevage!A:A,[1]Elevage!B:B) -> 46128 | G104: =G103 -> Eco-antibio2 | H104: =IF(AND(I104=0,K104=0),0,1) -> 0 | I104: 0 | J104: négatif | K104: 0 | L104: négatif | AJ104: 0
A105: Fayçal Khetim | B105: ="FK-"&TEXT(30+INT((ROW()-84)/3),"000") -> FK-037 | C105: Pédichiffe | D105: cochette | E105: =B105&IF(D105="charcutier","M",IF(D105="cochette","F",""))&IF(C105="Pédichiffe","p",IF(C105="Ecouvillon","e",IF(C105="Feces","f",""))) -> FK-037Fp | F105: =_xlfn.XLOOKUP(B105,[1]Elevage!A:A,[1]Elevage!B:B) -> 46129 | G105: =G104 -> Eco-antibio2 | H105: =IF(AND(I105=0,K105=0),0,1) -> 0 | I105: 0 | J105: négatif | K105: 0 | L105: négatif | AJ105: 0
A106: Fayçal Khetim | B106: ="FK-"&TEXT(30+INT((ROW()-84)/3),"000") -> FK-037 | C106: Pédichiffe | D106: charcutier | E106: =B106&IF(D106="charcutier","M",IF(D106="cochette","F",""))&IF(C106="Pédichiffe","p",IF(C106="Ecouvillon","e",IF(C106="Feces","f",""))) -> FK-037Mp | F106: =_xlfn.XLOOKUP(B106,[1]Elevage!A:A,[1]Elevage!B:B) -> 46129 | G106: =G105 -> Eco-antibio2 | H106: =IF(AND(I106=0,K106=0),0,1) -> 0 | I106: 0 | J106: négatif | K106: 0 | L106: négatif | AJ106: 0
A107: Fayçal Khetim | B107: ="FK-"&TEXT(30+INT((ROW()-84)/3),"000") -> FK-037 | C107: Ecouvillon | D107: cochette | E107: =B107&IF(D107="charcutier","M",IF(D107="cochette","F",""))&IF(C107="Pédichiffe","p",IF(C107="Ecouvillon","e",IF(C107="Feces","f",""))) -> FK-037Fe | F107: =_xlfn.XLOOKUP(B107,[1]Elevage!A:A,[1]Elevage!B:B) -> 46129 | G107: =G106 -> Eco-antibio2 | H107: =IF(AND(I107=0,K107=0),0,1) -> 0 | I107: 0 | J107: négatif | K107: 0 | L107: négatif | AJ107: 0
A108: Fayçal Khetim | B108: ="FK-"&TEXT(30+INT((ROW()-84)/3),"000") -> FK-038 | C108: Pédichiffe | D108: cochette | E108: =B108&IF(D108="charcutier","M",IF(D108="cochette","F",""))&IF(C108="Pédichiffe","p",IF(C108="Ecouvillon","e",IF(C108="Feces","f",""))) -> FK-038Fp | F108: =_xlfn.XLOOKUP(B108,[1]Elevage!A:A,[1]Elevage!B:B) -> 46129 | G108: =G107 -> Eco-antibio2 | H108: =IF(AND(I108=0,K108=0),0,1) -> 0 | I108: 0 | J108: négatif | K108: 0 | L108: négatif | AJ108: 0
A109: Fayçal Khetim | B109: ="FK-"&TEXT(30+INT((ROW()-84)/3),"000") -> FK-038 | C109: Pédichiffe | D109: charcutier | E109: =B109&IF(D109="charcutier","M",IF(D109="cochette","F",""))&IF(C109="Pédichiffe","p",IF(C109="Ecouvillon","e",IF(C109="Feces","f",""))) -> FK-038Mp | F109: =_xlfn.XLOOKUP(B109,[1]Elevage!A:A,[1]Elevage!B:B) -> 46129 | G109: =G108 -> Eco-antibio2 | H109: =IF(AND(I109=0,K109=0),0,1) -> 0 | I109: 0 | J109: négatif | K109: 0 | L109: négatif | AJ109: 0
... A122: Fayçal Khetim | B122: ="FK-"&TEXT(30+INT((ROW()-84)/3),"000") -> FK-042 | C122: Ecouvillon | D122: cochette | E122: =B122&IF(D122="charcutier","M",IF(D122="cochette","F",""))&IF(C122="Pédichiffe","p",IF(C122="Ecouvillon","e",IF(C122="Feces","f",""))) -> FK-042Fe | F122: =_xlfn.XLOOKUP(B122,[1]Elevage!A:A,[1]Elevage!B:B) -> 46139 | G122: =G121 -> Eco-antibio2 | H122: =IF(AND(I122=0,K122=0),0,1) -> 0 | I122: 0 | J122: négatif | K122: 0 | L122: négatif | AJ122: 0
A123: Fayçal Khetim | B123: ="FK-"&TEXT(30+INT((ROW()-84)/3),"000") -> FK-043 | C123: Pédichiffe | D123: cochette | E123: =B123&IF(D123="charcutier","M",IF(D123="cochette","F",""))&IF(C123="Pédichiffe","p",IF(C123="Ecouvillon","e",IF(C123="Feces","f",""))) -> FK-043Fp | F123: =_xlfn.XLOOKUP(B123,[1]Elevage!A:A,[1]Elevage!B:B) -> 46139 | G123: =G122 -> Eco-antibio2 | H123: =IF(AND(I123=0,K123=0),0,1) -> 1 | I123: 1 | J123: x | K123: 0 | L123: négatif | M123: 43FP.B | N123: 0 | O123: 20 | P123: 0 | Q123: 13 | R123: 0 | S123: 23 | T123: 18 | U123: 20 | V123: 0 | W123: 21 | X123: 32 | Y123: 30 | Z123: 21 | AA123: 24 | AB123: 0 | AC123: 0 | AD123: YES | AH123: klebsiella | AI123: 4083 | AJ123: 1
A124: Fayçal Khetim | B124: ="FK-"&TEXT(30+INT((ROW()-84)/3),"000") -> FK-043 | C124: Pédichiffe | D124: cochette | E124: =B124&IF(D124="charcutier","M",IF(D124="cochette","F",""))&IF(C124="Pédichiffe","p",IF(C124="Ecouvillon","e",IF(C124="Feces","f",""))) -> FK-043Fp | F124: =_xlfn.XLOOKUP(B124,[1]Elevage!A:A,[1]Elevage!B:B) -> 46139 | G124: =G122 -> Eco-antibio2 | H124: =IF(AND(I124=0,K124=0),0,1) -> 1 | I124: 1 | J124: x | K124: 0 | L124: négatif | M124: 43FP.R | N124: 0 | O124: 25 | P124: 0 | Q124: 16 | R124: 15 | S124: 23 | T124: 26 | U124: 23 | V124: 0 | W124: 31 | X124: 38 | Y124: 36 | Z124: 12 | AA124: 14 | AB124: 34 | AC124: 0 | AD124: YES | AH124: e-coli | AI124: 1598 | AJ124: 1
...

Sheet Elevage
A1: prelevement_id | B1: date_prelevement | C1: projet | D1: code | E1: code_eleveur | F1: elevage | G1: eleveur | H1: elevage_type | I1: Preleveur | J1: adresse | K1: ile | L1: ville | M1: cp | N1: Statut | O1: lat | P1: long | Q1: contact | R1: telephone | S1: mail | T1: organisation | U1: num_batiment | V1: remarques | W1: nature_pvt | X1: hote | Y1: sexe | Z1: age | AA1: lieu_de_vie | AB1: contact_autre_animaux | AE1: code
A2: FK-001 | B2: 46092 | C2: Eco-antibio2 | D2: 40 | E2: {=INDEX(AAA!D:D,AE2)} -> 98121196 | F2: EARL BOIS DE SENTEUR | G2: Hoareau Frederic | H2: Naisseur-engraisseur | I2: Fayçal Khetim | J2: {=INDEX(AAA!E:E,AE2)} -> 18 CHEMIN DARDANELLE | K2: La réunion | L2: {=INDEX(AAA!C:C,AE3)} -> SAINT JOSEPH | M2: {=INDEX(AAA!G:G,AE2)} -> 97480 | N2: {=INDEX(AAA!B:B,AE2)} -> C | S2: frederic.hoareau333@gmail.com | AE2: 40
A3: FK-002 | B3: 46092 | C3: =C2 -> Eco-antibio2 | D3: 72 | E3: {=INDEX(AAA!D:D,AE3)} -> 98312056 | F3: EARL LA TITOU FARM | G3: Huet andre | H3: Naisseur-engraisseur | I3: Fayçal Khetim | J3: {=INDEX(AAA!E:E,AE3)} -> 3 CHEMIN BOIS D HOSTO | K3: La réunion | L3: {=INDEX(AAA!C:C,AE3)} -> SAINT JOSEPH | M3: {=INDEX(AAA!G:G,AE3)} -> 97480 | N3: {=INDEX(AAA!B:B,AE3)} -> C | S3: earl-latitoufarm@outlook.fr | AE3: 72
A4: FK-003 | B4: 46094 | C4: =C3 -> Eco-antibio2 | D4: 48 | E4: {=INDEX(AAA!D:D,AE4)} -> 98322112 | F4: EARL CHEMIN GRAND PERE | G4: Emmanuelle Picard | H4: Naisseur-engraisseur | I4: Fayçal Khetim | J4: {=INDEX(AAA!E:E,AE4)} -> 107 CHEMIN GRAND PERE | K4: La réunion | L4: {=INDEX(AAA!C:C,AE4)} -> SAINT PIERRE / PETITE ILE | M4: {=INDEX(AAA!G:G,AE4)} -> 97410 | N4: {=INDEX(AAA!B:B,AE4)} -> C | S4: =AAA!L48 -> picard.emmanuelle974@gmail.com | AE4: 48
A5: FK-004 | B5: 46099 | C5: =C4 -> Eco-antibio2 | D5: 120 | E5: {=INDEX(AAA!D:D,AE5)} -> 98016602 | F5: HOARAU JONATHAN | G5: Hoarau jonathan | H5: Naisseur-engraisseur | I5: Fayçal Khetim | J5: {=INDEX(AAA!E:E,AE5)} -> 256 CHEMIN GRAND PÈRE | K5: La réunion | L5: {=INDEX(AAA!C:C,AE5)} -> SAINT PIERRE / PETITE ILE | M5: {=INDEX(AAA!G:G,AE5)} -> 97410 | N5: {=INDEX(AAA!B:B,AE5)} -> C | S5: =AAA!L120 -> nathan490001@gmail.com | AE5: 120
A6: FK-005 | B6: 46106 | C6: =C5 -> Eco-antibio2 | D6: 154 | E6: {=INDEX(AAA!D:D,AE6)} -> 98214350 | F6: =AAA!A$154 -> SCEA AMELIA (ex:EARL AMELIA) | G6: Lépinay Anne-Gaëlle | H6: Naisseur-engraisseur | I6: Fayçal Khetim | J6: {=INDEX(AAA!E:E,AE6)} -> 12 i LIGNE CHEVALIER | K6: La réunion | L6: {=INDEX(AAA!C:C,AE6)} -> ETANG SALE/SAINT LOUIS | M6: {=INDEX(AAA!G:G,AE6)} -> 97421 | N6: {=INDEX(AAA!B:B,AE6)} -> C | S6: sceaamelia@gmail.com | AE6: 154
A7: FK-006 | B7: 46106 | C7: =C6 -> Eco-antibio2 | D7: 51 | E7: {=INDEX(AAA!D:D,AE7)} -> 98214002 | F7: =AAA!A$51 -> EARL DE BELLE VUE | G7: Maieu Désiré | H7: Naisseur-engraisseur | I7: Fayçal Khetim | J7: {=INDEX(AAA!E:E,AE7)} -> 30 CHEMIN BELLEVUE | K7: La réunion | L7: {=INDEX(AAA!C:C,AE7)} -> ETANG SALE/SAINT LOUIS | M7: {=INDEX(AAA!G:G,AE7)} -> 97450 | N7: {=INDEX(AAA!B:B,AE7)} -> C | S7: =AAA!L$51 -> joke450@hotmail.fr | AE7: 51
A8: FK-007 | B8: 46111 | C8: =C7 -> Eco-antibio2 | D8: 90 | E8: {=INDEX(AAA!D:D,AE8)} -> 98101005 | F8: =AAA!A$90 -> EARL LES TROIS PETITS COCHONS (EX:HOAREAU GEORGES MARIE) | G8: Nicole Florian | H8: Naisseur-engraisseur | I8: Fayçal Khetim | J8: {=INDEX(AAA!E:E,AE8)} -> 25C CHEMIN MAURER | K8: La réunion | L8: {=INDEX(AAA!C:C,AE8)} -> AVIRONS/ SAINT LEU | M8: {=INDEX(AAA!G:G,AE8)} -> 97425 | N8: {=INDEX(AAA!B:B,AE8)} -> C | S8: admi.3pc@gmail.com | AE8: 90
A9: FK-008 | B9: 46111 | C9: =C8 -> Eco-antibio2 | D9: 82 | E9: {=INDEX(AAA!D:D,AE9)} -> 98101022 | F9: =AAA!A$82 -> EARL LES CAPUCINES EX RIVIERE GINETTE MARIE ROLAND | G9: Rivière Anicia | H9: Naisseur-engraisseur | I9: Fayçal Khetim | J9: {=INDEX(AAA!E:E,AE9)} -> 6 TERRASSE DE BOIS DE NEFLES | K9: La réunion | L9: {=INDEX(AAA!C:C,AE9)} -> AVIRONS/ SAINT LEU | M9: {=INDEX(AAA!G:G,AE9)} -> 97425 | N9: {=INDEX(AAA!B:B,AE9)} -> C | S9: =AAA!L$82 -> ani.riviere@hotmail.fr | AE9: =D9 -> 82
A10: FK-009 | B10: 46111 | C10: =C9 -> Eco-antibio2 | D10: 176 | E10: {=INDEX(AAA!D:D,AE10)} -> 98001166 | F10: =AAA!A$176 -> VATEL BERNARD | G10: Vatel Angelique | H10: Naisseur-engraisseur | I10: Fayçal Khetim | J10: {=INDEX(AAA!E:E,AE10)} -> 8 ROUTE DES VACOAS | K10: La réunion | L10: {=INDEX(AAA!C:C,AE10)} -> AVIRONS/ SAINT LEU | M10: {=INDEX(AAA!G:G,AE10)} -> 97425 | N10: {=INDEX(AAA!B:B,AE10)} -> C | S10: =AAA!L$176 -> bernardvatel@orange.fr | AE10: =D10 -> 176
A11: FK-010 | B11: 46111 | C11: =C10 -> Eco-antibio2 | D11: 39 | E11: {=INDEX(AAA!D:D,AE11)} -> 98001055 | F11: EARL BELLECOMBE | G11: Sartre jean | H11: Naisseur-engraisseur | I11: Fayçal Khetim | J11: {=INDEX(AAA!E:E,AE11)} -> 9 ROUTE DU STADE | K11: La réunion | L11: {=INDEX(AAA!C:C,AE11)} -> AVIRONS/ SAINT LEU | M11: {=INDEX(AAA!G:G,AE11)} -> 97425 | N11: {=INDEX(AAA!B:B,AE11)} -> C | S11: =AAA!L$39 -> bellecombe.sartre@gmail.com | AE11: =D11 -> 39
A12: FK-011 | B12: 46112 | C12: =C11 -> Eco-antibio2 | D12: 87 | E12: {=INDEX(AAA!D:D,AE12)} -> 98213102 | F12: =AAA!A$87 -> EARL LES LETCHIS | G12: Etienne Florian | H12: Naisseur-engraisseur | I12: Fayçal Khetim | J12: {=INDEX(AAA!E:E,AE12)} -> 18 ALLEE DES LETCHIS | K12: La réunion | L12: {=INDEX(AAA!C:C,AE12)} -> AVIRONS/ SAINT LEU | M12: {=INDEX(AAA!G:G,AE12)} -> 97424 | N12: {=INDEX(AAA!B:B,AE12)} -> C | S12: florianetienne974@gmail.com | AE12: =D12 -> 87
A13: FK-012 | B13: 46112 | C13: =C12 -> Eco-antibio2 | D13: 43 | E13: {=INDEX(AAA!D:D,AE13)} -> 98001167 | F13: =AAA!A$43 -> EARL CALTEAU | G13: Calteau Georges | H13: Naisseur-engraisseur | I13: Fayçal Khetim | J13: {=INDEX(AAA!E:E,AE13)} -> 35 CHEMIN DOZENVAL | K13: La réunion | L13: {=INDEX(AAA!C:C,AE13)} -> AVIRONS/ SAINT LEU | M13: {=INDEX(AAA!G:G,AE13)} -> 97425 | N13: {=INDEX(AAA!B:B,AE13)} -> C | S13: =AAA!L$43 -> georges.calteau@wanadoo.fr | AE13: =D13 -> 43
A14: FK-013 | B14: 46112 | C14: =C13 -> Eco-antibio2 | D14: 67 | E14: {=INDEX(AAA!D:D,AE14)} -> 98001038 | F14: =AAA!A$67 -> EARL KERBEL (ex GAEC KERBEL) | G14: Calteau Georges | H14: Naisseur-engraisseur | I14: Fayçal Khetim | J14: {=INDEX(AAA!E:E,AE14)} -> 117 CHEMIN KERBEL | K14: La réunion | L14: {=INDEX(AAA!C:C,AE14)} -> AVIRONS/ SAINT LEU | M14: {=INDEX(AAA!G:G,AE14)} -> 97425 | N14: {=INDEX(AAA!B:B,AE14)} -> C | S14: =AAA!L$43 -> georges.calteau@wanadoo.fr | AE14: =D14 -> 67
A15: FK-014 | B15: 46112 | C15: =C14 -> Eco-antibio2 | D15: 104 | E15: {=INDEX(AAA!D:D,AE15)} -> 98313032 | F15: =AAA!A$104 -> EARL TOUT LE BON (ex:LE BORGNE THIERRY) | G15: Rivière Marick | H15: Naisseur-engraisseur | I15: Fayçal Khetim | J15: {=INDEX(AAA!E:E,AE15)} -> 5. CHEMIN TAN ROUGE LE PLATE | K15: La réunion | L15: {=INDEX(AAA!C:C,AE15)} -> AVIRONS/ SAINT LEU | M15: {=INDEX(AAA!G:G,AE15)} -> 97424 | N15: {=INDEX(AAA!B:B,AE15)} -> IPA | S15: earltoutlebon@hotmail.com | AE15: =D15 -> 104
A16: FK-015 | B16: 46113 | C16: =C15 -> Eco-antibio2 | D16: 69 | E16: {=INDEX(AAA!D:D,AE16)} -> 98213167 | F16: =AAA!A$69 -> EARL LA FERME DU COIN TRANQUILLE | G16: Begue Jeremy | H16: Naisseur-engraisseur | I16: Fayçal Khetim | J16: {=INDEX(AAA!E:E,AE16)} -> 19ter CHEMIN TAN ROUGE | K16: La réunion | L16: {=INDEX(AAA!C:C,AE16)} -> AVIRONS/ SAINT LEU | M16: {=INDEX(AAA!G:G,AE16)} -> 97424 | N16: {=INDEX(AAA!B:B,AE16)} -> C | S16: =AAA!L$69 -> lafermeducointranquille@orange.fr | AE16: =D16 -> 69
A17: FK-016 | B17: 46113 | C17: =C16 -> Eco-antibio2 | D17: 81 | E17: {=INDEX(AAA!D:D,AE17)} -> 98023154 | F17: EARL LES CALUMETS | G17: Nourry Aldo | H17: Naisseur-engraisseur | I17: Fayçal Khetim | J17: {=INDEX(AAA!E:E,AE17)} -> 201 CHEMIN MAROCAIN | K17: La réunion | L17: {=INDEX(AAA!C:C,AE17)} -> TROIS BASSINS/ SAINT PAUL | M17: {=INDEX(AAA!G:G,AE17)} -> 97426 | N17: {=INDEX(AAA!B:B,AE17)} -> C | S17: =AAA!L$81 -> earl.lescalumets@sfr.fr | AE17: =D17 -> 81
A18: FK-017 | B18: 46113 | C18: =C17 -> Eco-antibio2 | D18: 26 | E18: {=INDEX(AAA!D:D,AE18)} -> 98715202 | F18: =AAA!A$26 -> CRESCENCE GUITO | G18: Crescence vivien | H18: Naisseur-engraisseur | I18: Fayçal Khetim | J18: {=INDEX(AAA!E:E,AE18)} -> 130 CHEMIN DE LIGNE | K18: La réunion | L18: {=INDEX(AAA!C:C,AE18)} -> TROIS BASSINS/ SAINT PAUL | M18: {=INDEX(AAA!G:G,AE18)} -> 97422 | N18: {=INDEX(AAA!B:B,AE18)} -> C | S18: =AAA!L$26 -> crescencevivien@gmail.com | AE18: =D18 -> 26
A19: FK-018 | B19: 46114 | C19: =C18 -> Eco-antibio2 | D19: 57 | E19: {=INDEX(AAA!D:D,AE19)} -> 98615034 | F19: EARL DES ROSES | G19: Morizur Jean Charles | H19: Naisseur-engraisseur | I19: Fayçal Khetim | J19: {=INDEX(AAA!E:E,AE19)} -> 312 CHEMIN DES ROSES | K19: La réunion | L19: {=INDEX(AAA!C:C,AE19)} -> TROIS BASSINS/ SAINT PAUL | M19: {=INDEX(AAA!G:G,AE19)} -> 97435 | N19: {=INDEX(AAA!B:B,AE19)} -> C | S19: {=INDEX(AAA!L:L,AE19)} -> jeancharles974@hotmail.fr | AE19: =D19 -> 57
A20: FK-019 | B20: 46114 | C20: =C19 -> Eco-antibio2 | D20: 102 | E20: {=INDEX(AAA!D:D,AE20)} -> 98715122 | F20: {=INDEX(AAA!A:A,AE20)} -> EARL SOCIETE DU TAN ROUGE | G20: Hoareau Bernard | H20: Naisseur-engraisseur | I20: Fayçal Khetim | J20: {=INDEX(AAA!E:E,AE20)} -> 52 CD 6 CHEMIN D EAU | K20: La réunion | L20: {=INDEX(AAA!C:C,AE20)} -> TROIS BASSINS/ SAINT PAUL | M20: {=INDEX(AAA!G:G,AE20)} -> 97422 | N20: {=INDEX(AAA!B:B,AE20)} -> C | S20: {=INDEX(AAA!L:L,AE20)} -> societedutanrouge@gmail.com | AE20: =D20 -> 102
A21: FK-020 | B21: 46114 | C21: =C20 -> Eco-antibio2 | D21: 94 | E21: {=INDEX(AAA!D:D,AE21)} -> 98915019 | F21: EARL NIDNORG | G21: Grondin Ludovic | H21: Naisseur-engraisseur | I21: Fayçal Khetim | J21: {=INDEX(AAA!E:E,AE21)} -> 68 CHEMIN AUBERVAL | K21: La réunion | L21: {=INDEX(AAA!C:C,AE21)} -> TROIS BASSINS/ SAINT PAUL | M21: {=INDEX(AAA!G:G,AE21)} -> 97435 | N21: {=INDEX(AAA!B:B,AE21)} -> C | S21: {=INDEX(AAA!L:L,AE21)} -> earl.nidnorg@orange.fr | AE21: =D21 -> 94
A22: FK-021 | B22: 46114 | C22: =C21 -> Eco-antibio2 | D22: 22 | E22: {=INDEX(AAA!D:D,AE22)} -> 98315144 | F22: {=INDEX(AAA!A:A,AE22)} -> BOYER YVAN | G22: Boyer Yvan | H22: Naisseur-engraisseur | I22: Fayçal Khetim | J22: {=INDEX(AAA!E:E,AE22)} -> 50 CHEMIN GEVIN | K22: La réunion | L22: {=INDEX(AAA!C:C,AE22)} -> TROIS BASSINS/ SAINT PAUL | M22: {=INDEX(AAA!G:G,AE22)} -> 97411 | N22: {=INDEX(AAA!B:B,AE22)} -> C | S22: yvanboyer974@gmail.com | AE22: =D22 -> 22
A23: FK-022 | B23: 46120 | C23: =C22 -> Eco-antibio2 | D23: 88 | E23: {=INDEX(AAA!D:D,AE23)} -> 98315097 | F23: EARL LES LILAS | G23: Lauret Pierre Robert | H23: Naisseur-engraisseur | I23: Fayçal Khetim | J23: {=INDEX(AAA!E:E,AE23)} -> 205 CHEMIN MARTYR | K23: La réunion | L23: {=INDEX(AAA!C:C,AE23)} -> TROIS BASSINS/ SAINT PAUL | M23: {=INDEX(AAA!G:G,AE23)} -> 97411 | N23: {=INDEX(AAA!B:B,AE23)} -> C | S23: lauretpierre111@gmail.com | AE23: =D23 -> 88
A24: FK-022b | B24: 46121 | C24: =C23 -> Eco-antibio2 | D24: 37 | E24: {=INDEX(AAA!D:D,AE24)} -> 98006064 | F24: EARL ACBA LES JADES | G24: Azor Bernadette | H24: Naisseur-engraisseur | I24: Fayçal Khetim | J24: {=INDEX(AAA!E:E,AE24)} -> 130 RUE CARRON LOUIS | K24: La réunion | L24: {=INDEX(AAA!C:C,AE24)} -> PLAINE DES PALMISTES/ SAINTE ANNE | M24: {=INDEX(AAA!G:G,AE24)} -> 97431 | N24: {=INDEX(AAA!B:B,AE24)} -> C | S24: berazor974@gmail.com | AE24: =D24 -> 37
A25: FK-023 | B25: 46121 | C25: =C23 -> Eco-antibio2 | D25: 160 | E25: {=INDEX(AAA!D:D,AE25)} -> 98006103 | F25: {=INDEX(AAA!A:A,AE25)} -> SCEA ELEVAGE LALLEMAND | G25: Lallemand Olivier | H25: Naisseur-engraisseur | I25: Fayçal Khetim | J25: {=INDEX(AAA!E:E,AE25)} -> 51 RUE LUC BOYER - PETITE PLAINE | K25: La réunion | L25: {=INDEX(AAA!C:C,AE25)} -> PLAINE DES PALMISTES/ SAINTE ANNE | M25: {=INDEX(AAA!G:G,AE25)} -> 97431 | N25: {=INDEX(AAA!B:B,AE25)} -> I | S25: {=INDEX(AAA!L:L,AE25)} -> lallemand431olivier@gmail.com | AE25: =D25 -> 160
A26: FK-024 | B26: 46121 | C26: =C25 -> Eco-antibio2 | D26: 35 | E26: {=INDEX(AAA!D:D,AE26)} -> 98010194 | F26: {=INDEX(AAA!A:A,AE26)} -> DIJOUX THIERRY | G26: Dijoux Thierry | H26: Naisseur-engraisseur | I26: Fayçal Khetim | J26: 288 ROUTE NATIONALE 3 | K26: La réunion | L26: {=INDEX(AAA!C:C,AE26)} -> PLAINE DES PALMISTES/ SAINTE ANNE | M26: 97470 | N26: {=INDEX(AAA!B:B,AE26)} -> C | S26: {=INDEX(AAA!L:L,AE26)} -> dijoux.jean-pascal@orange.fr | AE26: =D26 -> 35
A27: FK-025 | B27: 46121 | C27: =C26 -> Eco-antibio2 | D27: 59 | E27: {=INDEX(AAA!D:D,AE27)} -> 98006154 | F27: {=INDEX(AAA!A:A,AE27)} -> EARL FERME DES ARUMS | G27: Seusse Yannick | H27: Naisseur-engraisseur | I27: Fayçal Khetim | J27: 38 rue des arums | K27: La réunion | L27: {=INDEX(AAA!C:C,AE27)} -> PLAINE DES PALMISTES/ SAINTE ANNE | M27: {=INDEX(AAA!G:G,AE27)} -> 97490 | N27: {=INDEX(AAA!B:B,AE27)} -> C | S27: seusseyannick@gmail.com | AE27: =D27 -> 59
A28: FK-026 | B28: 46122 | C28: =C27 -> Eco-antibio2 | D28: 93 | E28: {=INDEX(AAA!D:D,AE28)} -> 98209034 | F28: {=INDEX(AAA!A:A,AE28)} -> EARL MOUNIAMA ET FILLE | G28: Karine Mouniama | H28: Naisseur-engraisseur | I28: Fayçal Khetim | J28: {=INDEX(AAA!E:E,AE28)} -> 528 CHEMIN CANAL MOREAU | K28: La réunion | L28: {=INDEX(AAA!C:C,AE28)} -> SAINT ANDRE / SAINT BENOIT | M28: {=INDEX(AAA!G:G,AE28)} -> 97440 | N28: {=INDEX(AAA!B:B,AE28)} -> C | S28: kms_mouniama@hotmail.fr | AE28: =D28 -> 93
A29: FK-027 | B29: 46122 | C29: =C28 -> Eco-antibio2 | D29: 11 | E29: {=INDEX(AAA!D:D,AE29)} -> 98009108 | F29: {=INDEX(AAA!A:A,AE29)} -> BANOUBIE RENE | G29: Banoubie Rene | H29: Naisseur-engraisseur | I29: Fayçal Khetim | J29: {=INDEX(AAA!E:E,AE29)} -> 123 ALLEE ZELMAR | K29: La réunion | L29: {=INDEX(AAA!C:C,AE29)} -> SAINT ANDRE / SAINT BENOIT | M29: {=INDEX(AAA!G:G,AE29)} -> 97440 | N29: {=INDEX(AAA!B:B,AE29)} -> C | S29: {=INDEX(AAA!L:L,AE29)} -> rene.banoubie@gmail.com | AE29: =D29 -> 11
A30: FK-028 | B30: 46122 | C30: =C29 -> Eco-antibio2 | D30: 71 | E30: {=INDEX(AAA!D:D,AE30)} -> 98009287 | F30: {=INDEX(AAA!A:A,AE30)} -> EARL LA PARINTA ( ex: SELLIN YVETTE) | G30: D. Vingadassin | H30: Naisseur-engraisseur | I30: Fayçal Khetim | J30: 1610 CHEMIN PATELIN RIVIERE DU MAT LES BATS | K30: La réunion | L30: {=INDEX(AAA!C:C,AE30)} -> SAINT ANDRE / SAINT BENOIT | M30: {=INDEX(AAA!G:G,AE30)} -> 97440 | N30: {=INDEX(AAA!B:B,AE30)} -> C | S30: dede.vinga@gmail.com | AE30: =D30 -> 71
A31: FK-029 | B31: 46122 | C31: =C30 -> Eco-antibio2 | D31: 119 | E31: {=INDEX(AAA!D:D,AE31)} -> 98009107 | F31: GRONDIN MARIE JOSIE REPRO | G31: Grondin marie José | H31: Naisseur-engraisseur | I31: Fayçal Khetim | J31: {=INDEX(AAA!E:E,AE31)} -> 356 CH VALENTIN | K31: La réunion | L31: {=INDEX(AAA!C:C,AE31)} -> SAINT ANDRE / SAINT BENOIT | M31: {=INDEX(AAA!G:G,AE31)} -> 97440 | N31: {=INDEX(AAA!B:B,AE31)} -> I | S31: {=INDEX(AAA!L:L,AE31)} -> elodievivienne.grondin@gmail.com | AE31: =D31 -> 119
A32: FK-029b | B32: 46154 | C32: =C30 -> Eco-antibio2 | D32: 118 | E32: {=INDEX(AAA!D:D,AE32)} -> 98021728 | F32: GRONDIN MARIE JOSIE ENGRAISSEMENT | G32: Grondin marie José | H32: Naisseur-engraisseur | I32: Fayçal Khetim | J32: 3 ALLEE DES CRYPTOMERIAS | K32: La réunion | L32: {=INDEX(AAA!C:C,AE32)} -> SALAZIE | M32: {=INDEX(AAA!G:G,AE32)} -> 97440 | N32: {=INDEX(AAA!B:B,AE32)} -> I | S32: {=INDEX(AAA!L:L,AE32)} -> elodievivienne.grondin@gmail.com | AE32: =D32 -> 118
A33: FK-030 | B33: 46122 | C33: =C32 -> Eco-antibio2 | D33: 77 | E33: {=INDEX(AAA!D:D,AE33)} -> 98102014 | F33: EARL LES ABEILLES | G33: Moreau Linda | H33: Naisseur-engraisseur | I33: Fayçal Khetim | J33: 17 CHEMIN DES PAPANGUES LIBERIA LES HAUTS | K33: La réunion | L33: {=INDEX(AAA!C:C,AE33)} -> SAINT ANDRE / SAINT BENOIT | M33: 97412 | N33: {=INDEX(AAA!B:B,AE33)} -> C | S33: lesabeilles97412@gmail.com | AE33: =D33 -> 77
A34: FK-031 | B34: 46125 | C34: =C33 -> Eco-antibio2 | D34: 58 | E34: {=INDEX(AAA!D:D,AE34)} -> 98004063 | F34: {=INDEX(AAA!A:A,AE34)} -> EARL DU CAP | G34: Sanassy David | H34: Naisseur-engraisseur | I34: Fayçal Khetim | J34: 173 CHEMIN DU CAP | K34: La réunion | L34: {=INDEX(AAA!C:C,AE34)} -> ETANG SALE/SAINT LOUIS | M34: {=INDEX(AAA!G:G,AE34)} -> 97427 | N34: {=INDEX(AAA!B:B,AE34)} -> C | S34: {=INDEX(AAA!L:L,AE34)} -> david.sanassy@hotmail.fr | AE34: =D34 -> 58
A35: FK-032 | B35: 46125 | C35: =C34 -> Eco-antibio2 | D35: 66 | E35: {=INDEX(AAA!D:D,AE35)} -> 98004111 | F35: EARL JOLY FAMILY | G35: Grosset Gille | H35: Naisseur-engraisseur | I35: Fayçal Khetim | J35: {=INDEX(AAA!E:E,AE35)} -> 39 CHEMIN MANIRON | K35: La réunion | L35: {=INDEX(AAA!C:C,AE35)} -> ETANG SALE/SAINT LOUIS | M35: {=INDEX(AAA!G:G,AE35)} -> 97427 | N35: {=INDEX(AAA!B:B,AE35)} -> C | S35: {=INDEX(AAA!L:L,AE35)} -> fortunegrosset@gmail.com | AE35: =D35 -> 66
A36: FK-033 | B36: 46128 | C36: =C35 -> Eco-antibio2 | D36: 54 | E36: {=INDEX(AAA!D:D,AE36)} -> 98214113 | F36: {=INDEX(AAA!A:A,AE36)} -> EARL DES FLAMBOYANTS | G36: Noel Danielle | H36: Naisseur-engraisseur | I36: Fayçal Khetim | J36: {=INDEX(AAA!E:E,AE36)} -> 48 CHEMIN DEJEAN | K36: La réunion | L36: {=INDEX(AAA!C:C,AE36)} -> ETANG SALE/SAINT LOUIS | M36: {=INDEX(AAA!G:G,AE36)} -> 97421 | N36: {=INDEX(AAA!B:B,AE36)} -> C | S36: {=INDEX(AAA!L:L,AE36)} -> mariedanielle.noel@outlook.fr | AE36: =D36 -> 54
A37: FK-034 | B37: 46128 | C37: =C36 -> Eco-antibio2 | D37: 134 | E37: {=INDEX(AAA!D:D,AE37)} -> 98214274 | F37: {=INDEX(AAA!A:A,AE37)} -> LIONI MAXIMIN | G37: Lioni Maximin | H37: Naisseur-engraisseur | I37: Fayçal Khetim | J37: {=INDEX(AAA!E:E,AE37)} -> 57 BIS RUE JULIETTE DODU | K37: La réunion | L37: {=INDEX(AAA!C:C,AE37)} -> ETANG SALE/SAINT LOUIS | M37: {=INDEX(AAA!G:G,AE37)} -> 97421 | N37: {=INDEX(AAA!B:B,AE37)} -> C | S37: {=INDEX(AAA!L:L,AE37)} -> maximinlioni@gmail.com | AE37: =D37 -> 134
A38: FK-035 | B38: 46128 | C38: =C37 -> Eco-antibio2 | D38: 53 | E38: {=INDEX(AAA!D:D,AE38)} -> 98114008 | F38: {=INDEX(AAA!A:A,AE38)} -> EARL DE MONT PLAISIR | G38: Maillot Yves | H38: Naisseur-engraisseur | I38: Fayçal Khetim | J38: {=INDEX(AAA!E:E,AE38)} -> 30 CHEMIN BON ACCEUIL - LES MAKES | K38: La réunion | L38: {=INDEX(AAA!C:C,AE38)} -> ETANG SALE/SAINT LOUIS | M38: {=INDEX(AAA!G:G,AE38)} -> 97421 | N38: {=INDEX(AAA!B:B,AE38)} -> I | S38: emiliemaillot.86@gmail.com | AE38: =D38 -> 53
A39: FK-036 | B39: 46128 | C39: =C38 -> Eco-antibio2 | D39: 45 | E39: {=INDEX(AAA!D:D,AE39)} -> 98214112 | F39: EARL CANNELLE | G39: Roger Daniel | H39: Naisseur-engraisseur | I39: Fayçal Khetim | J39: {=INDEX(AAA!E:E,AE39)} -> 2B RUE LISLET GEOFFROY | K39: La réunion | L39: {=INDEX(AAA!C:C,AE39)} -> ETANG SALE/SAINT LOUIS | M39: {=INDEX(AAA!G:G,AE39)} -> 97421 | N39: {=INDEX(AAA!B:B,AE39)} -> C | S39: {=INDEX(AAA!L:L,AE39)} -> danielrog@wanadoo.fr | AE39: =D39 -> 45
A40: FK-037 | B40: 46129 | C40: =C39 -> Eco-antibio2 | D40: 149 | E40: {=INDEX(AAA!D:D,AE40)} -> 98212047 | F40: {=INDEX(AAA!A:A,AE40)} -> ROBERT HENRI | G40: Robert Henri | H40: Naisseur-engraisseur | I40: Fayçal Khetim | J40: {=INDEX(AAA!E:E,AE40)} -> 17 CHEMIN DES GLYCINES | K40: La réunion | L40: {=INDEX(AAA!C:C,AE40)} -> SAINT JOSEPH | M40: {=INDEX(AAA!G:G,AE40)} -> 97480 | N40: {=INDEX(AAA!B:B,AE40)} -> C | S40: exploitationrobert@gmail.com | AE40: =D40 -> 149
A41: FK-038 | B41: 46129 | C41: =C40 -> Eco-antibio2 | D41: 123 | E41: {=INDEX(AAA!D:D,AE41)} -> 98212161 | F41: {=INDEX(AAA!A:A,AE41)} -> HOAREAU JOHNY (ex Hoareau Marie Anise) | G41: Hoareau Johny | H41: Naisseur-engraisseur | I41: Fayçal Khetim | J41: {=INDEX(AAA!E:E,AE41)} -> 45 RUE LEON JEANNETTE | K41: La réunion | L41: {=INDEX(AAA!C:C,AE41)} -> SAINT JOSEPH | M41: {=INDEX(AAA!G:G,AE41)} -> 97480 | N41: {=INDEX(AAA!B:B,AE41)} -> I | S41: {=INDEX(AAA!L:L,AE41)} -> johnnyhoareau778@gmail.com | AE41: =D41 -> 123
A42: FK-039 | B42: 46139 | C42: =C41 -> Eco-antibio2 | D42: 111 | E42: {=INDEX(AAA!D:D,AE42)} -> 98012238 | F42: GAEC LES PORCELETS DU SUD | G42: Mussard bertrand | H42: Naisseur-engraisseur | I42: Fayçal Khetim | J42: {=INDEX(AAA!E:E,AE42)} -> 11 IMPASSE BIGARADE | K42: La réunion | L42: {=INDEX(AAA!C:C,AE42)} -> SAINT JOSEPH | M42: {=INDEX(AAA!G:G,AE42)} -> 97480 | N42: {=INDEX(AAA!B:B,AE42)} -> C | S42: gaeclpds@gmail.com | AE42: =D42 -> 111
A43: FK-040 | B43: 46139 | C43: =C42 -> Eco-antibio2 | D43: 13 | E43: {=INDEX(AAA!D:D,AE43)} -> 98012003 | F43: BEDAN JEANNICK | G43: Bedan Jeannick | H43: Naisseur-engraisseur | I43: Fayçal Khetim | J43: {=INDEX(AAA!E:E,AE43)} -> 23 RUE FRANCOIS MAURIAC | K43: La réunion | L43: {=INDEX(AAA!C:C,AE43)} -> SAINT JOSEPH | M43: {=INDEX(AAA!G:G,AE43)} -> 97480 | N43: {=INDEX(AAA!B:B,AE43)} -> C | S43: maletvivianne@gmail.com | AE43: =D43 -> 13
A44: FK-041 | B44: 46139 | C44: =C43 -> Eco-antibio2 | D44: 3 | E44: {=INDEX(AAA!D:D,AE44)} -> 98012239 | F44: {=INDEX(AAA!A:A,AE44)} -> ALAGUIRISAMY JOHAN (ex: MOREL LUC) | G44: Alaguirissamy Johan | H44: Naisseur-engraisseur | I44: Fayçal Khetim | J44: {=INDEX(AAA!E:E,AE44)} -> 35 RUE DES OIGNONS | K44: La réunion | L44: {=INDEX(AAA!C:C,AE44)} -> SAINT JOSEPH | M44: {=INDEX(AAA!G:G,AE44)} -> 97480 | N44: {=INDEX(AAA!B:B,AE44)} -> I | S44: {=INDEX(AAA!L:L,AE44)} -> johanalaguirisamy@gmail.com | AE44: =D44 -> 3
A45: FK-042 | B45: 46139 | C45: =C44 -> Eco-antibio2 | D45: 163 | E45: {=INDEX(AAA!D:D,AE45)} -> 98212186 | F45: {=INDEX(AAA!A:A,AE45)} -> SCEA FOLIO | G45: Folio Nico | H45: Naisseur-engraisseur | I45: Fayçal Khetim | J45: {=INDEX(AAA!E:E,AE45)} -> 48 RUE BORY DE SAINT VINCENT | K45: La réunion | L45: {=INDEX(AAA!C:C,AE45)} -> SAINT JOSEPH | M45: {=INDEX(AAA!G:G,AE45)} -> 97480 | N45: {=INDEX(AAA!B:B,AE45)} -> C | S45: {=INDEX(AAA!L:L,AE45)} -> nifolio@gmail.com | AE45: =D45 -> 163
A46: FK-043 | B46: 46139 | C46: =C45 -> Eco-antibio2 | D46: 133 | E46: {=INDEX(AAA!D:D,AE46)} -> 98013094 | F46: {=INDEX(AAA!A:A,AE46)} -> LIANG LANG HU JULIEN | G46: Liang lang hu Julien | H46: Naisseur-engraisseur | I46: Fayçal Khetim | J46: {=INDEX(AAA!E:E,AE46)} -> 65 rue Georges Pompidou | K46: La réunion | L46: {=INDEX(AAA!C:C,AE46)} -> AVIRONS/ SAINT LEU | M46: {=INDEX(AAA!G:G,AE46)} -> 0 | N46: {=INDEX(AAA!B:B,AE46)} -> IPA | S46: {=INDEX(AAA!L:L,AE46)} -> 0 | AE46: =D46 -> 133
A47: FK-044 | B47: 46141 | C47: =C46 -> Eco-antibio2 | D47: 63 | E47: {=INDEX(AAA!D:D,AE47)} -> 98005121 | F47: {=INDEX(AAA!A:A,AE47)} -> EARL GONTHIER | G47: Gonthier Jerome | H47: Naisseur-engraisseur | I47: Fayçal Khetim | J47: {=INDEX(AAA!E:E,AE47)} -> 106 CHEMIN DENIS LEVENEUR | K47: La réunion | L47: {=INDEX(AAA!C:C,AE47)} -> SAINT JOSEPH | M47: {=INDEX(AAA!G:G,AE47)} -> 97429 | N47: {=INDEX(AAA!B:B,AE47)} -> C | S47: earl.grondin@gmail.com | AE47: =D47 -> 63
A48: FK-045 | B48: 46141 | C48: =C47 -> Eco-antibio2 | D48: 89 | E48: {=INDEX(AAA!D:D,AE48)} -> 98005123 | F48: {=INDEX(AAA!A:A,AE48)} -> EARL LES TANGORS (ex Grondin Georget) | G48: Grondin yannick | H48: Naisseur-engraisseur | I48: Fayçal Khetim | J48: {=INDEX(AAA!E:E,AE48)} -> 19 ALLEE DES BAIES ROSES | K48: La réunion | L48: {=INDEX(AAA!C:C,AE48)} -> SAINT PIERRE / PETITE ILE | M48: {=INDEX(AAA!G:G,AE48)} -> 97429 | N48: {=INDEX(AAA!B:B,AE48)} -> C | AE48: =D48 -> 89
A49: FK-046 | B49: 46141 | C49: =C48 -> Eco-antibio2 | D49: 50 | E49: {=INDEX(AAA!D:D,AE49)} -> 98212256 | F49: EARL DE BEL AIR | G49: Morel Philippe | H49: Naisseur-engraisseur | I49: Fayçal Khetim | J49: {=INDEX(AAA!E:E,AE49)} -> 42 ROUTE DU BEL AIR | K49: La réunion | L49: {=INDEX(AAA!C:C,AE49)} -> SAINT JOSEPH | M49: {=INDEX(AAA!G:G,AE49)} -> 97480 | N49: {=INDEX(AAA!B:B,AE49)} -> C | S49: {=INDEX(AAA!L:L,AE49)} -> morelphilippe99@gmail.com | AE49: =D49 -> 50
A50: FK-047 | B50: 46141 | C50: =C49 -> Eco-antibio2 | D50: 75 | E50: {=INDEX(AAA!D:D,AE50)} -> 98212200 | F50: {=INDEX(AAA!A:A,AE50)} -> EARL LE GROINCHEUX (ex NATIVEL RAYNALD) | G50: Nativel Maud | H50: Naisseur-engraisseur | I50: Fayçal Khetim | J50: {=INDEX(AAA!E:E,AE50)} -> 22 RUE JULES HOAREAU | K50: La réunion | L50: {=INDEX(AAA!C:C,AE50)} -> SAINT JOSEPH | M50: {=INDEX(AAA!G:G,AE50)} -> 97480 | N50: {=INDEX(AAA!B:B,AE50)} -> C | S50: maud97480@hotmail.fr | AE50: =D50 -> 75
A51: FK-048 | B51: 46141 | C51: =C50 -> Eco-antibio2 | D51: 46 | E51: {=INDEX(AAA!D:D,AE51)} -> 98114013 | F51: {=INDEX(AAA!A:A,AE51)} -> EARL CHAMAND | G51: Chamand Expedit | H51: Naisseur-engraisseur | I51: Fayçal Khetim | J51: {=INDEX(AAA!E:E,AE51)} -> 47 CHEMIN BON ACCEUIL - LES MAKES | K51: La réunion | L51: {=INDEX(AAA!C:C,AE51)} -> ETANG SALE/SAINT LOUIS | M51: {=INDEX(AAA!G:G,AE51)} -> 97421 | N51: {=INDEX(AAA!B:B,AE51)} -> C | S51: {=INDEX(AAA!L:L,AE51)} -> chamandexpedite@gmail.com | AE51: =D51 -> 46
A52: FK-049 | B52: 46148 | C52: =C51 -> Eco-antibio2 | D52: 99 | E52: {=INDEX(AAA!D:D,AE52)} -> 98522171 | F52: EARL PITON D'ANCHAING | G52: Pause Ludovic | H52: Naisseur-engraisseur | I52: Fayçal Khetim | J52: {=INDEX(AAA!E:E,AE52)} -> 232 ROUTE DU PITON BLEU | K52: La réunion | L52: {=INDEX(AAA!C:C,AE52)} -> LE TAMPON/PLAINE DES CAFRES | M52: {=INDEX(AAA!G:G,AE52)} -> 97418 | N52: {=INDEX(AAA!B:B,AE52)} -> C | S52: earlpythond'anchaing@gmail.com | AE52: =D52 -> 99
A53: FK-050 | B53: 46147 | C53: =C52 -> Eco-antibio2 | D53: 24 | E53: {=INDEX(AAA!D:D,AE53)} -> 98316177 | F53: {=INDEX(AAA!A:A,AE53)} -> CADET LAURENT | G53: Cadet Laurent | H53: Naisseur-engraisseur | I53: Fayçal Khetim | J53: {=INDEX(AAA!E:E,AE53)} -> 8 IMPASSE BEGE | K53: La réunion | L53: {=INDEX(AAA!C:C,AE53)} -> SAINT PIERRE / PETITE ILE | M53: {=INDEX(AAA!G:G,AE53)} -> 97418 | N53: {=INDEX(AAA!B:B,AE53)} -> C | S53: l.cadet583@laposte.net | AE53: =D53 -> 24
A54: FK-051 | B54: 46147 | C54: =C53 -> Eco-antibio2 | D54: 159 | E54: {=INDEX(AAA!D:D,AE54)} -> 98316105 | F54: {=INDEX(AAA!A:A,AE54)} -> SCEA DU GITE | G54: Madame Cadet | H54: Naisseur-engraisseur | I54: Fayçal Khetim | J54: {=INDEX(AAA!E:E,AE54)} -> 191 ROUTE DU GITE | K54: La réunion | L54: {=INDEX(AAA!C:C,AE54)} -> SAINT PIERRE / PETITE ILE | M54: {=INDEX(AAA!G:G,AE54)} -> 97410 | N54: {=INDEX(AAA!B:B,AE54)} -> C | S54: {=INDEX(AAA!L:L,AE54)} -> sceadugite@orange.fr | AE54: =D54 -> 159
A55: FK-052 | B55: 46147 | C55: =C54 -> Eco-antibio2 | D55: 47 | E55: {=INDEX(AAA!D:D,AE55)} -> 98022419 | F55: {=INDEX(AAA!A:A,AE55)} -> EARL CHEMIN CAFE | G55: Morel Thierry | H55: Naisseur-engraisseur | I55: Fayçal Khetim | J55: {=INDEX(AAA!E:E,AE55)} -> 152 ROUTE HUBERT DE LISLE | K55: La réunion | L55: {=INDEX(AAA!C:C,AE55)} -> SAINT JOSEPH | M55: {=INDEX(AAA!G:G,AE55)} -> 97480 | N55: {=INDEX(AAA!B:B,AE55)} -> C | S55: {=INDEX(AAA!L:L,AE55)} -> chemincafe@orange.fr | AE55: =D55 -> 47
A56: FK-053 | B56: 46147 | C56: =C55 -> Eco-antibio2 | D56: 6 | E56: {=INDEX(AAA!D:D,AE56)} -> 98022662 | F56: {=INDEX(AAA!A:A,AE56)} -> ADOLPHE BRUNO | G56: Adolphe Bruno | H56: Naisseur-engraisseur | I56: Fayçal Khetim | J56: {=INDEX(AAA!E:E,AE56)} -> CHEMIN DE LA BERGERIE | K56: La réunion | L56: {=INDEX(AAA!C:C,AE56)} -> LE TAMPON/PLAINE DES CAFRES | M56: {=INDEX(AAA!G:G,AE56)} -> 97430 | N56: {=INDEX(AAA!B:B,AE56)} -> I | S56: {=INDEX(AAA!L:L,AE56)} -> 0 | AE56: =D56 -> 6
A57: FK-054 | B57: 46147 | C57: =C56 -> Eco-antibio2 | D57: 110 | E57: {=INDEX(AAA!D:D,AE57)} -> 98016045 | F57: {=INDEX(AAA!A:A,AE57)} -> GAEC DU BASSIN PLAT | G57: Picard Fabrice | H57: Naisseur-engraisseur | I57: Fayçal Khetim | J57: {=INDEX(AAA!E:E,AE57)} -> 80 ALLEE DES AUBEPINES | K57: La réunion | L57: {=INDEX(AAA!C:C,AE57)} -> SAINT PIERRE / PETITE ILE | M57: {=INDEX(AAA!G:G,AE57)} -> 97410 | N57: {=INDEX(AAA!B:B,AE57)} -> C | S57: gaecbassinplat@gmail.com | AE57: =D57 -> 110
A58: FK-055 | B58: 46148 | C58: =C57 -> Eco-antibio2 | D58: 29 | E58: {=INDEX(AAA!D:D,AE58)} -> 98110058 | F58: {=INDEX(AAA!A:A,AE58)} -> DAMOUR CLOTERE | G58: Damour clotere | H58: Naisseur-engraisseur | I58: Fayçal Khetim | J58: {=INDEX(AAA!E:E,AE58)} -> 307 PITON ARMAND | K58: La réunion | L58: {=INDEX(AAA!C:C,AE58)} -> PLAINE DES PALMISTES/ SAINTE ANNE | M58: {=INDEX(AAA!G:G,AE58)} -> 97437 | N58: {=INDEX(AAA!B:B,AE58)} -> C | S58: {=INDEX(AAA!L:L,AE58)} -> clotere.damour@gmail.com | AE58: =D58 -> 29
A59: FK-056 | B59: 46148 | C59: =C58 -> Eco-antibio2 | D59: 137 | E59: {=INDEX(AAA!D:D,AE59)} -> 98110003 | F59: {=INDEX(AAA!A:A,AE59)} -> MAILLOT YVES ANDRE | G59: Maillot Yves Andre | H59: Naisseur-engraisseur | I59: Fayçal Khetim | J59: {=INDEX(AAA!E:E,AE59)} -> 305 PITON ARMAND LES HAUTS | K59: La réunion | L59: {=INDEX(AAA!C:C,AE59)} -> PLAINE DES PALMISTES/ SAINTE ANNE | M59: {=INDEX(AAA!G:G,AE59)} -> 97437 | N59: {=INDEX(AAA!B:B,AE59)} -> C | S59: {=INDEX(AAA!L:L,AE59)} -> maillot.yves@gmail.com | AE59: =D59 -> 137
A60: FK-057 | B60: 46148 | C60: =C59 -> Eco-antibio2 | D60: 70 | E60: {=INDEX(AAA!D:D,AE60)} -> 98110061 | F60: EARL LA PALMERAIE | G60: Grondin Rosaire | H60: Naisseur-engraisseur | I60: Fayçal Khetim | J60: {=INDEX(AAA!E:E,AE60)} -> 18 CHEMIN SAFER | K60: La réunion | L60: {=INDEX(AAA!C:C,AE60)} -> PLAINE DES PALMISTES/ SAINTE ANNE | M60: {=INDEX(AAA!G:G,AE60)} -> 97437 | N60: {=INDEX(AAA!B:B,AE60)} -> C | S60: {=INDEX(AAA!L:L,AE60)} -> rosaire.grondin@hotmail.fr | AE60: =D60 -> 70
A61: FK-058 | B61: 46149 | C61: =C60 -> Eco-antibio2 | D61: 44 | E61: {=INDEX(AAA!D:D,AE61)} -> 98001162 | F61: {=INDEX(AAA!A:A,AE61)} -> EARL CAMI | G61: Robert Mickael & Christopher | H61: Naisseur-engraisseur | I61: Fayçal Khetim | J61: {=INDEX(AAA!E:E,AE61)} -> 93 CHEMIN PITON ROUGE | K61: La réunion | L61: {=INDEX(AAA!C:C,AE61)} -> AVIRONS/ SAINT LEU | M61: {=INDEX(AAA!G:G,AE61)} -> 97425 | N61: {=INDEX(AAA!B:B,AE61)} -> C | S61: chantalechrist@gmail.com | AE61: =D61 -> 44
A62: FK-059 | B62: 46149 | C62: =C61 -> Eco-antibio2 | D62: 125 | E62: {=INDEX(AAA!D:D,AE62)} -> 98213104 | F62: {=INDEX(AAA!A:A,AE62)} -> JULIE OLIVIER | G62: Olivier Julie | H62: Naisseur-engraisseur | I62: Fayçal Khetim | J62: {=INDEX(AAA!E:E,AE62)} -> 39 bis CHEMIN BOUSSOLE | K62: La réunion | L62: {=INDEX(AAA!C:C,AE62)} -> AVIRONS/ SAINT LEU | M62: {=INDEX(AAA!G:G,AE62)} -> 97424 | N62: {=INDEX(AAA!B:B,AE62)} -> C | S62: {=INDEX(AAA!L:L,AE62)} -> juli.olivier000@gmail.com | AE62: =D62 -> 125
A63: FK-060 | B63: 46149 | C63: =C62 -> Eco-antibio2 | D63: 162 | E63: {=INDEX(AAA!D:D,AE63)} -> 98213101 | F63: {=INDEX(AAA!A:A,AE63)} -> SCEA FERME DU PLATEAU | G63: Lebon Olivier | H63: Naisseur-engraisseur | I63: Fayçal Khetim | J63: {=INDEX(AAA!E:E,AE63)} -> 155 RUE ADRIEN LAGOURGUE | K63: La réunion | L63: {=INDEX(AAA!C:C,AE63)} -> AVIRONS/ SAINT LEU | M63: {=INDEX(AAA!G:G,AE63)} -> 97424 | N63: {=INDEX(AAA!B:B,AE63)} -> C | S63: lebon.elise@wanadoo | AE63: =D63 -> 162
A64: FK-060b | B64: 46153 | C64: =C63 -> Eco-antibio2 | D64: 16 | E64: {=INDEX(AAA!D:D,AE64)} -> 98121090 | F64: {=INDEX(AAA!A:A,AE64)} -> BEGUE HENRI NE site impasse Lamy (village) | G64: Begue Henri | H64: Naisseur-engraisseur | I64: Fayçal Khetim | J64: {=INDEX(AAA!E:E,AE64)} -> 43 RUE GEORGES POMPIDOU | K64: La réunion | L64: SALAZIE | M64: {=INDEX(AAA!G:G,AE64)} -> 97433 | N64: {=INDEX(AAA!B:B,AE64)} -> C | S64: begue.henri974@gmail.com | AE64: =D64 -> 16
A65: FK-061 | B65: 46153 | C65: =C64 -> Eco-antibio2 | D65: 8 | E65: {=INDEX(AAA!D:D,AE65)} -> 98021656 | F65: {=INDEX(AAA!A:A,AE65)} -> ARMOUET BILLY | G65: Armouet Billy | H65: Naisseur-engraisseur | I65: Fayçal Khetim | J65: {=INDEX(AAA!E:E,AE65)} -> 112 CHEMIN BEGUE | K65: La réunion | L65: {=INDEX(AAA!C:C,AE65)} -> SALAZIE | M65: {=INDEX(AAA!G:G,AE65)} -> 97433 | N65: {=INDEX(AAA!B:B,AE65)} -> C | S65: armouet.billy@gmail.com | AE65: =D65 -> 8
A66: FK-062 | B66: 46153 | C66: =C65 -> Eco-antibio2 | D66: 170 | E66: {=INDEX(AAA!D:D,AE66)} -> 98021093 | F66: SCEA TURPIN | G66: Turpin Jimmy | H66: Naisseur-engraisseur | I66: Fayçal Khetim | J66: {=INDEX(AAA!E:E,AE66)} -> 38 CHEMIN DE L EGLISE | K66: La réunion | L66: {=INDEX(AAA!C:C,AE66)} -> SALAZIE | M66: {=INDEX(AAA!G:G,AE66)} -> 97433 | N66: {=INDEX(AAA!B:B,AE66)} -> I | S66: {=INDEX(AAA!L:L,AE66)} -> turpinjimmy38@yahoo.fr | AE66: =D66 -> 170
A67: FK-063 | B67: 46153 | C67: =C66 -> Eco-antibio2 | D67: 150 | E67: {=INDEX(AAA!D:D,AE67)} -> 98021645 | F67: ROBERT VALENTIN | G67: Robert Valentin | H67: Naisseur-engraisseur | I67: Fayçal Khetim | J67: {=INDEX(AAA!E:E,AE67)} -> 22 CHEMIN DU STADE - CASABOIS - GRAND ILET | K67: La réunion | L67: {=INDEX(AAA!C:C,AE67)} -> SALAZIE | M67: {=INDEX(AAA!G:G,AE67)} -> 97433 | N67: {=INDEX(AAA!B:B,AE67)} -> I | S67: {=INDEX(AAA!L:L,AE67)} -> 0 | AE67: =D67 -> 150
A68: FK-064 | B68: 46153 | C68: =C67 -> Eco-antibio2 | D68: 114 | E68: {=INDEX(AAA!D:D,AE68)} -> 98021559 | F68: GRONDIN GERARD JOSEPH | G68: Grondin Gerard | H68: Naisseur-engraisseur | I68: Fayçal Khetim | J68: {=INDEX(AAA!E:E,AE68)} -> 12 CHEMIN SOLESSE | K68: La réunion | L68: {=INDEX(AAA!C:C,AE68)} -> SALAZIE | M68: {=INDEX(AAA!G:G,AE68)} -> 97433 | N68: {=INDEX(AAA!B:B,AE68)} -> C | S68: {=INDEX(AAA!L:L,AE68)} -> 0 | AE68: =D68 -> 114
A69: FK-065 | B69: 46154 | C69: =C67 -> Eco-antibio2 | D69: 106 | E69: {=INDEX(AAA!D:D,AE69)} -> 98021544 | F69: {=INDEX(AAA!A:A,AE69)} -> ELISABETH JULIEN | G69: Julien Elisabeth | H69: Naisseur-engraisseur | I69: Fayçal Khetim | J69: {=INDEX(AAA!E:E,AE69)} -> 558 ROUTE DEPARTEMENTALE 52 | K69: La réunion | L69: {=INDEX(AAA!C:C,AE69)} -> SALAZIE | M69: {=INDEX(AAA!G:G,AE69)} -> 97433 | N69: {=INDEX(AAA!B:B,AE69)} -> I | S69: {=INDEX(AAA!L:L,AE69)} -> ejenlevement@gmail.com | AE69: =D69 -> 106
A70: FK-066 | B70: 46154 | C70: =C69 -> Eco-antibio2 | D70: 135 | E70: {=INDEX(AAA!D:D,AE70)} -> 98021477 | F70: MAILLOT DANIEL ANDRE | G70: Maillot Daniel Andre | H70: Naisseur-engraisseur | I70: Fayçal Khetim | J70: {=INDEX(AAA!E:E,AE70)} -> 18 CHEMIN DE L'EGLIE SAINT MARTIN | K70: La réunion | L70: {=INDEX(AAA!C:C,AE70)} -> SALAZIE | M70: {=INDEX(AAA!G:G,AE70)} -> 97433 | N70: {=INDEX(AAA!B:B,AE70)} -> C | S70: {=INDEX(AAA!L:L,AE70)} -> daniel-andre.maillot@orange.fr | AE70: =D70 -> 135
A71: FK-067 | B71: 46154 | C71: =C70 -> Eco-antibio2 | E71: xxx | F71: NOURRY RENALD | G71: Nourry Renald | H71: Naisseur-engraisseur | I71: Fayçal Khetim | J71: 33 CHEMIN DE L'EGLISE SAINT MARTIN | K71: La réunion | L71: SALAZIE | M71: 97433 | N71: C | S71: Renaldnourry@gmail.com | AE71: =D71 -> 0
A72: FK-068 | B72: 46154 | C72: =C71 -> Eco-antibio2 | D72: 28 | E72: {=INDEX(AAA!D:D,AE72)} -> 98021554 | F72: {=INDEX(AAA!A:A,AE72)} -> DAMOUR AMBROISE | G72: Damour Ambroise | H72: Naisseur-engraisseur | I72: Fayçal Khetim | J72: {=INDEX(AAA!E:E,AE72)} -> 37 CHEMIN DAMOUR | K72: La réunion | L72: {=INDEX(AAA!C:C,AE72)} -> SALAZIE | M72: {=INDEX(AAA!G:G,AE72)} -> 97433 | N72: {=INDEX(AAA!B:B,AE72)} -> C | S72: {=INDEX(AAA!L:L,AE72)} -> ambroise.damour@yahoo.fr | AE72: =D72 -> 28
A73: FK-069 | B73: 46154 | C73: =C72 -> Eco-antibio2 | D73: 38 | E73: {=INDEX(AAA!D:D,AE73)} -> 98021587 | F73: {=INDEX(AAA!A:A,AE73)} -> EARL AGRI SALAZE | G73: Maillot Daniel Andre | H73: Naisseur-engraisseur | I73: Fayçal Khetim | J73: {=INDEX(AAA!E:E,AE73)} -> 59 CHEMIN DAMOUR | K73: La réunion | L73: {=INDEX(AAA!C:C,AE73)} -> SALAZIE | M73: {=INDEX(AAA!G:G,AE73)} -> 97433 | N73: {=INDEX(AAA!B:B,AE73)} -> C | S73: {=INDEX(AAA!L:L,AE73)} -> agrisalazes@laposte.net | AE73: =D73 -> 38
A74: FK-070 | B74: 46154 | C74: =C73 -> Eco-antibio2 | D74: 20 | E74: {=INDEX(AAA!D:D,AE74)} -> 98021163 | F74: {=INDEX(AAA!A:A,AE74)} -> BOYER JEAN HUGUES | G74: Boyer Jean Huges | H74: Naisseur-engraisseur | I74: Fayçal Khetim | J74: {=INDEX(AAA!E:E,AE74)} -> 421 CHEMIN BEDERE MAILLOT RIVIERE DU MAT LES BAS | K74: La réunion | L74: {=INDEX(AAA!C:C,AE74)} -> SALAZIE | M74: {=INDEX(AAA!G:G,AE74)} -> 97440 | N74: {=INDEX(AAA!B:B,AE74)} -> I | S74: {=INDEX(AAA!L:L,AE74)} -> sylvia.boyer072@orange.fr | AE74: =D74 -> 20
A75: FK-071 | B75: 46154 | C75: =C74 -> Eco-antibio2 | D75: 143 | E75: {=INDEX(AAA!D:D,AE75)} -> 98021407 | F75: PAUSE SYLVIANNE | G75: Pause Sylvianne | H75: Naisseur-engraisseur | I75: Fayçal Khetim | J75: {=INDEX(AAA!E:E,AE75)} -> 232 ROUTE DU PITON BLEU | K75: La réunion | L75: {=INDEX(AAA!C:C,AE75)} -> SALAZIE | M75: {=INDEX(AAA!G:G,AE75)} -> 97418 | N75: {=INDEX(AAA!B:B,AE75)} -> C | S75: spgrandilet@orange.fr | AE75: =D75 -> 143
A76: FK-072 | B76: 46155 | C76: =C75 -> Eco-antibio2 | D76: 64 | E76: {=INDEX(AAA!D:D,AE76)} -> 98021066 | F76: EARL GRONDIN | G76: Grondin Louis | H76: Naisseur-engraisseur | I76: Fayçal Khetim | J76: {=INDEX(AAA!E:E,AE76)} -> 7 CHEMIN DAMOUR | K76: La réunion | L76: {=INDEX(AAA!C:C,AE76)} -> SALAZIE | M76: {=INDEX(AAA!G:G,AE76)} -> 97433 | N76: {=INDEX(AAA!B:B,AE76)} -> C | S76: earlgrondin@gmail.com | AE76: =D76 -> 64
A77: FK-073 | B77: 46155 | C77: =C76 -> Eco-antibio2 | D77: 117 | E77: {=INDEX(AAA!D:D,AE77)} -> 98021568 | F77: {=INDEX(AAA!A:A,AE77)} -> GRONDIN JOSE MARTIN | G77: Grondin Jose Martin | H77: Naisseur-engraisseur | I77: Fayçal Khetim | J77: {=INDEX(AAA!E:E,AE77)} -> 5 IMPASSE DES ABEILLES | K77: La réunion | L77: {=INDEX(AAA!C:C,AE77)} -> SALAZIE | M77: {=INDEX(AAA!G:G,AE77)} -> 97433 | N77: {=INDEX(AAA!B:B,AE77)} -> C | S77: {=INDEX(AAA!L:L,AE77)} -> 0 | AE77: =D77 -> 117
A78: FK-074 | B78: 46155 | C78: =C77 -> Eco-antibio2 | D78: 136 | E78: {=INDEX(AAA!D:D,AE78)} -> 98021543 | F78: MAILLOT PATRICK | G78: Maillot Patrick | H78: Naisseur-engraisseur | I78: Fayçal Khetim | J78: {=INDEX(AAA!E:E,AE78)} -> 16 CHEMIN DU STADE | K78: La réunion | L78: {=INDEX(AAA!C:C,AE78)} -> SALAZIE | M78: {=INDEX(AAA!G:G,AE78)} -> 97433 | N78: {=INDEX(AAA!B:B,AE78)} -> I | S78: {=INDEX(AAA!L:L,AE78)} -> pmaillot1974@gmail.com | AE78: =D78 -> 136
A79: FK-075 | B79: 46141 | C79: =C77 -> Eco-antibio2 | D79: 96 | E79: {=INDEX(AAA!D:D,AE79)} -> 98022298 | F79: EARL NOTRE DAME DE LA PAIX REPROS | G79: Fontaine Cédric | I79: Maleck Vasseur | J79: {=INDEX(AAA!E:E,AE79)} -> 17 CHEMIN BOIS DES REMPARTS | K79: La réunion | L79: {=INDEX(AAA!C:C,AE79)} -> LE TAMPON/PLAINE DES CAFRES | M79: {=INDEX(AAA!G:G,AE79)} -> 97430 | N79: {=INDEX(AAA!B:B,AE79)} -> C | S79: secretariat@earlppg.com | AE79: =D79 -> 96
A80: FK-075b | B80: 46141 | C80: =C78 -> Eco-antibio2 | D80: 95 | E80: {=INDEX(AAA!D:D,AE80)} -> 98212201 | F80: EARL NOTRE DAME DE LA PAIX ENGRAISSEMENT | G80: Fontaine Cédric | I80: Maleck Vasseur | J80: {=INDEX(AAA!E:E,AE80)} -> 17 CHEMIN BOIS DES REMPARTS | K80: La réunion | L80: {=INDEX(AAA!C:C,AE80)} -> SAINT JOSEPH | M80: {=INDEX(AAA!G:G,AE80)} -> 97430 | N80: {=INDEX(AAA!B:B,AE80)} -> C | S80: secretariat@earlppg.com | AE80: =D80 -> 95
A81: FK-076 | B81: 46141 | C81: =C80 -> Eco-antibio2 | D81: 60 | E81: {=INDEX(AAA!D:D,AE81)} -> 98122422 | F81: {=INDEX(AAA!A:A,AE81)} -> EARL FERME DU BONHEUR | G81: Lebon Henri | I81: Maleck Vasseur | J81: {=INDEX(AAA!E:E,AE81)} -> 29 ROUTE DES GERANIUMS | K81: La réunion | L81: {=INDEX(AAA!C:C,AE81)} -> LE TAMPON/PLAINE DES CAFRES | M81: {=INDEX(AAA!G:G,AE81)} -> 97418 | N81: {=INDEX(AAA!B:B,AE81)} -> C | S81: {=INDEX(AAA!L:L,AE81)} -> fermedubonheur@outlook.com | AE81: =D81 -> 60
A82: FK-077 | B82: 46148 | C82: =C81 -> Eco-antibio2 | D82: 152 | E82: {=INDEX(AAA!D:D,AE82)} -> 98010063 | F82: SOCIETE AGRICOLE DE LA PAIX | G82: Moreau Victoria | I82: Maleck Vasseur | J82: {=INDEX(AAA!E:E,AE82)} -> 0 | K82: La réunion | L82: {=INDEX(AAA!C:C,AE82)} -> SAINT ANDRE / SAINT BENOIT | M82: {=INDEX(AAA!G:G,AE82)} -> 0 | N82: {=INDEX(AAA!B:B,AE82)} -> C | S82: {=INDEX(AAA!L:L,AE82)} -> wendy.clain@royalbourbon.com jldurand31@gmail.com dmoreau@royalbourbon.com | AE82: =D82 -> 152
A83: FK-078 | B83: 46157 | C83: =C82 -> Eco-antibio2 | D83: 15 | E83: {=INDEX(AAA!D:D,AE83)} -> 98212027 | F83: BEGUE GABRIEL | G83: Begue Gabriel | I83: Maleck Vasseur | J83: {=INDEX(AAA!E:E,AE83)} -> 93 CHEMIN DE LA FORÊT | K83: La réunion | L83: {=INDEX(AAA!C:C,AE83)} -> SAINT JOSEPH | M83: {=INDEX(AAA!G:G,AE83)} -> 97480 | N83: {=INDEX(AAA!B:B,AE83)} -> I | S83: {=INDEX(AAA!L:L,AE83)} -> beguegabriel@hotmail.fr | AE83: =D83 -> 15
A84: FK-079 | B84: 46147 | C84: =C83 -> Eco-antibio2 | D84: 101 | E84: {=INDEX(AAA!D:D,AE84)} -> 98005119 | F84: {=INDEX(AAA!A:A,AE84)} -> EARL RAVINE DU PONT LES BAS | G84: Barret Joseph | I84: Maleck Vasseur | J84: 8 RUE DES RAMIERS 97429 PETITE-ILE | K84: La réunion | L84: {=INDEX(AAA!C:C,AE84)} -> SAINT PIERRE / PETITE ILE | M84: {=INDEX(AAA!G:G,AE84)} -> 97429 | N84: {=INDEX(AAA!B:B,AE84)} -> C | S84: {=INDEX(AAA!L:L,AE84)} -> barzoliv974@gmail.com | AE84: =D84 -> 101
A85: FK-080 | B85: 46148 | C85: =C84 -> Eco-antibio2 | D85: 42 | E85: {=INDEX(AAA!D:D,AE85)} -> 98019020 | F85: {=INDEX(AAA!A:A,AE85)} -> EARL BONNE ESPERANCE | G85: Soucane Yolaine | I85: Maleck Vasseur | J85: {=INDEX(AAA!E:E,AE85)} -> 8 CHEMIN SOUCANE | K85: La réunion | L85: {=INDEX(AAA!C:C,AE85)} -> PLAINE DES PALMISTES/ SAINTE ANNE | M85: {=INDEX(AAA!G:G,AE85)} -> 97439 | N85: {=INDEX(AAA!B:B,AE85)} -> C | S85: {=INDEX(AAA!L:L,AE85)} -> yolaine.soucane@gmail.com | AE85: =D85 -> 42
A86: FK-081 | B86: 46147 | C86: =C85 -> Eco-antibio2 | D86: 116 | E86: {=INDEX(AAA!D:D,AE86)} -> 98012251 | F86: {=INDEX(AAA!A:A,AE86)} -> GRONDIN JEANNICK | G86: Grondin Jeannick | I86: Maleck Vasseur | J86: {=INDEX(AAA!E:E,AE86)} -> 106 RUE DES JACQUES | K86: La réunion | L86: {=INDEX(AAA!C:C,AE86)} -> SAINT JOSEPH | M86: {=INDEX(AAA!G:G,AE86)} -> 97480 | N86: {=INDEX(AAA!B:B,AE86)} -> C | S86: {=INDEX(AAA!L:L,AE86)} -> jeannickgrondin70@gmail.com | AE86: =D86 -> 116
A87: FK-082 | B87: 46169 | C87: =C86 -> Eco-antibio2 | D87: 158 | E87: {=INDEX(AAA!D:D,AE87)} -> 98005127 | F87: EARL DES GOYAVIER | G87: Pause Yoann | I87: Maleck Vasseur | J87: {=INDEX(AAA!E:E,AE87)} -> 98 CHEMIN LEOPOLD LEBON | K87: La réunion | L87: {=INDEX(AAA!C:C,AE87)} -> SAINT PIERRE / PETITE ILE | M87: {=INDEX(AAA!G:G,AE87)} -> 97429 | N87: {=INDEX(AAA!B:B,AE87)} -> C | S87: payet.corrine@gmail.com | AE87: =D87 -> 158
A88: FK-083 | B88: 46169 | C88: =C87 -> Eco-antibio2 | D88: 65 | E88: {=INDEX(AAA!D:D,AE88)} -> 98316171 | F88: {=INDEX(AAA!A:A,AE88)} -> EARL HKC | G88: HEW-KIAN-CHONG Marie | I88: Maleck Vasseur | J88: {=INDEX(AAA!E:E,AE88)} -> 12 CHEMIN CURIAL | K88: La réunion | L88: {=INDEX(AAA!C:C,AE88)} -> SAINT PIERRE / PETITE ILE | M88: {=INDEX(AAA!G:G,AE88)} -> 97410 | N88: {=INDEX(AAA!B:B,AE88)} -> C | S88: {=INDEX(AAA!L:L,AE88)} -> earl.hkc@gmail.com | AE88: =D88 -> 65
A89: FK-084 | B89: 46170 | C89: =C88 -> Eco-antibio2 | D89: 164 | E89: {=INDEX(AAA!D:D,AE89)} -> 98110926 | F89: {=INDEX(AAA!A:A,AE89)} -> SCEA LE DOMAINE DE MELOSIE (EX SELLIER JEAN MARIE) | G89: Sellier Guillaume | I89: Maleck Vasseur | J89: {=INDEX(AAA!E:E,AE89)} -> 97 CHEMIN CAP | K89: La réunion | L89: {=INDEX(AAA!C:C,AE89)} -> PLAINE DES PALMISTES/ SAINTE ANNE | M89: {=INDEX(AAA!G:G,AE89)} -> 97437 | N89: {=INDEX(AAA!B:B,AE89)} -> C | S89: guillaume_sellea@hotmail.fr | AE89: =D89 -> 164
A90: FK-087 | B90: 46140 | C90: =C89 -> Eco-antibio2 | D90: 23 | E90: {=INDEX(AAA!D:D,AE90)} -> 98016422 | F90: {=INDEX(AAA!A:A,AE90)} -> C.R.I.A.P | G90: Banoubie Rene | I90: Maleck Vasseur | J90: {=INDEX(AAA!E:E,AE90)} -> 1 ALLEE DU PETIT PARIS | K90: La réunion | L90: {=INDEX(AAA!C:C,AE90)} -> SAINT PIERRE / PETITE ILE | M90: {=INDEX(AAA!G:G,AE90)} -> 97410 | N90: {=INDEX(AAA!B:B,AE90)} -> C | S90: lrolland@cppr.fr | AE90: =D90 -> 23
A91: FK-086 | B91: 46140 | C91: =C90 -> Eco-antibio2 | D91: 84 | E91: {=INDEX(AAA!D:D,AE91)} -> 98214275 | F91: {=INDEX(AAA!A:A,AE91)} -> EARL LES FRANCISCEAS (ex RIVIERE JEAN LOUIS) | G91: Riviere Damien | I91: Maleck Vasseur | J91: {=INDEX(AAA!E:E,AE91)} -> 26 CHEMIN GRAND FOND | K91: La réunion | L91: {=INDEX(AAA!C:C,AE91)} -> ETANG SALE/SAINT LOUIS | M91: {=INDEX(AAA!G:G,AE91)} -> 97421 | N91: {=INDEX(AAA!B:B,AE91)} -> C | S91: rdm26@wanadoo.fr | AE91: =D91 -> 84
A92: FK-087 | B92: 46140 | C92: =C91 -> Eco-antibio2 | D92: 83 | E92: {=INDEX(AAA!D:D,AE92)} -> 98114052 | F92: {=INDEX(AAA!A:A,AE92)} -> EARL LES FLEURS JAUNES | G92: Gonthier Alexandre | I92: Maleck Vasseur | J92: {=INDEX(AAA!E:E,AE92)} -> 61A RUE MONTPLAISIR | K92: La réunion | L92: {=INDEX(AAA!C:C,AE92)} -> ETANG SALE/SAINT LOUIS | M92: {=INDEX(AAA!G:G,AE92)} -> 97421 | N92: {=INDEX(AAA!B:B,AE92)} -> C | S92: ganthiea@gmail.com | AE92: =D92 -> 83

Sheet Sheet 1
A1: isolat_ID | B1: contigs | C1: genome_size | D1: N50 | E1: ID-maldi | F1: Score_MALDI | G1: scheme | H1: ST | I1: Confiance-ST | J1: Gambit | K1: allele01 | L1: allele02 | M1: allele03 | N1: allele04 | O1: allele05 | P1: allele06 | Q1: allele07 | R1: aadA1 | S1: aadA5 | T1: aph(3'')-Ib | U1: aph(6)-Id | V1: blaACT | W1: blaACT-109 | X1: blaCTX-M-1 | Y1: blaCTX-M-15 | Z1: blaFONA-7 | AA1: blaIMI-1 | AB1: blaOKP-A | AC1: blaSFDC | AD1: blaSHV-11 | AE1: blaTEM-1 | AF1: dfrA14 | AG1: dfrA17 | AH1: floR | AI1: fosA | AJ1: fosA2 | AK1: mph(A) | AL1: oqxA | AM1: oqxB | AN1: qacL | AO1: qnrS1 | AP1: sul2 | AQ1: sul3 | AR1: tet(A) | AS1: tet(B) | AT1: aadA2 | AU1: ant(3'')-IIa | AV1: aph(3')-Ia | AW1: blaADC | AX1: blaCTX-M | AY1: blaCTX-M-14 | AZ1: blaOCH | BA1: blaOKP-A-11 | BB1: blaOKP-B-2 | BC1: blaOXA | BD1: blaOXY-1-9 | BE1: blaSHV-33 | BF1: catA1 | BG1: catA2 | BH1: cml | BI1: cmlA1 | BJ1: dfrA12 | BK1: oqxA3 | BL1: oqxB19 | BM1: qacEdelta1 | BN1: qnrB1 | BO1: sul1 | BP1: tet(D)
A2: 04FP.B | B2: 14 | C2: 27032772 | D2: 5283956 | E2: Non concluant | F2: 0 | G2: koxytoca | H2: 40 | J2: klebsiella oxytoca | K2: gapA(3) | L2: infB(8) | M2: mdh(20) | N2: pgi(7) | O2: phoE(23) | P2: rpoB(14) | Q2: tonB(18) | R2: plasmid::IncFIA,IncFII,rep_cluster_2183::136228 | T2: plasmid::IncFIB::228851 | U2: plasmid::IncFIB::228851 | Z2: C | AC2: C | AF2: plasmid::IncFIB::228851 | AH2: plasmid::IncFIA,IncFII,rep_cluster_2183::136228 | AI2: C | AN2: plasmid::IncFIA,IncFII,rep_cluster_2183::136228 | AQ2: plasmid::IncFIA,IncFII,rep_cluster_2183::136228 | AR2: plasmid::IncFIA,IncFII,rep_cluster_2183::136228 | AT2: plasmid::IncFIA,IncFII,rep_cluster_2183::136228 | AU2: C | AV2: C | AW2: C | AX2: plasmid::IncFIB::228851 | AY2: plasmid::IncFIA,IncFII,rep_cluster_2183::136228 | AZ2: C | BA2: C | BC2: C | BD2: C | BG2: plasmid::IncFIB::228851 | BH2: C | BI2: plasmid::IncFIA,IncFII,rep_cluster_2183::136228 | BJ2: plasmid::IncFIA,IncFII,rep_cluster_2183::136228 | BN2: plasmid::IncFIB::228851 | BP2: plasmid::IncFIB::228851
A3: 06FP.R | B3: 4 | C3: 5097238 | D3: 4881760 | E3: e-coli | F3: 2.15 | G3: ecoli_achtman_4 | H3: 3268 | J3: e-coli | K3: adk(4) | L3: fumC(26) | M3: gyrB(2) | N3: icd(363) | O3: mdh(5) | P3: purA(5) | Q3: recA(19) | Y3: C | AO3: C
A4: 13FP.B | B4: 2 | C4: 5041539 | D4: 4844996 | E4: enterobacter cloacae complex (enterobacter ludwigii) | F4: 2.43 | G4: ecloacae | H4: 14 | J4: enterobacter cloacae complex (enterobacter asburiae) | K4: dnaA(13) | L4: fusA(2) | M4: gyrB(47) | N4: leuS(23) | O4: pyrG(53) | P4: rplB(2) | Q4: rpoB(14) | W4: C | AJ4: C | AL4: C | AM4: C
A5: 24MP.R | B5: 4 | C5: 5064967 | D5: 4799630 | E5: e-coli | F5: 2.26 | G5: ecoli_achtman_4 | H5: 156 | J5: e-coli | K5: adk(6) | L5: fumC(29) | M5: gyrB(32) | N5: icd(16) | O5: mdh(11) | P5: purA(8) | Q5: recA(44) | S5: plasmid::IncI-gamma/K1::110327 | X5: plasmid::IncI-gamma/K1::110327 | AG5: plasmid::IncI-gamma/K1::110327 | AP5: plasmid::IncI-gamma/K1::110327 | AS5: C
A6: 28FP.R | B6: 2 | C6: 5002360 | D6: 4890216 | F6: 1.33 | G6: ecoli_achtman_4 | H6: 3268 | J6: e-coli | K6: adk(4) | L6: fumC(26) | M6: gyrB(2) | N6: icd(363) | O6: mdh(5) | P6: purA(5) | Q6: recA(19) | Y6: C | AO6: C
A7: 29FP.B | B7: 2 | C7: 4868117 | D7: 4775282 | E7: enterobacter cloacae complex (enterobacter bugandis) | F7: 2.37 | G7: ecloacae | H7: 2706 | J7: enterobacter cloacae complex (enterobacter roggenkampii) | K7: dnaA(381) | L7: fusA(346) | M7: gyrB(522) | N7: leuS(476) | O7: pyrG(199) | P7: rplB(254) | Q7: rpoB(217) | V7: C | AA7: C | AI7: C | AL7: C | AM7: C
A8: 29FP.c | B8: 2 | C8: 4868115 | D8: 4775282 | E8: enterobacter cloacae complex (enterobacter hormaechei) | F8: 1.98 | G8: ecloacae | H8: 2706 | J8: enterobacter cloacae complex (enterobacter roggenkampii) | K8: dnaA(381) | L8: fusA(346) | M8: gyrB(522) | N8: leuS(476) | O8: pyrG(199) | P8: rplB(254) | Q8: rpoB(217) | V8: C | AA8: C | AI8: C | AL8: C | AM8: C
A9: 29FP.R | B9: 3 | C9: 5051203 | D9: 4816911 | E9: e-coli | F9: 2.31 | G9: ecoli_achtman_4 | H9: 58 | J9: e-coli | K9: adk(6) | L9: fumC(4) | M9: gyrB(4) | N9: icd(16) | O9: mdh(24) | P9: purA(8) | Q9: recA(14) | T9: C | U9: C | Y9: C | AE9: C | AO9: C | AP9: C
A10: 34FP.R | B10: 5 | C10: 5203257 | D10: 4848643 | E10: Non concluant | F10: 0 | G10: ecoli_achtman_4 | H10: 58 | J10: e-coli | K10: adk(6) | L10: fumC(4) | M10: gyrB(4) | N10: icd(16) | O10: mdh(24) | P10: purA(8) | Q10: recA(14) | Y10: C | AE10: C | AO10: C | AR10: C
A11: 34MP.R | B11: 8 | C11: 5152191 | D11: 4849008 | E11: e-coli | F11: 2.1 | G11: ecoli_achtman_4 | H11: 58 | J11: e-coli | K11: adk(6) | L11: fumC(4) | M11: gyrB(4) | N11: icd(16) | O11: mdh(24) | P11: purA(8) | Q11: recA(14) | Y11: C | AE11: C | AO11: C | AR11: C
A12: 43FP.B | B12: 2 | C12: 5376648 | D12: 5167309 | E12: Non concluant | F12: 0 | G12: klebsiella | H12: 4083 | J12: klebsiella pneumoniae | K12: gapA(2) | L12: infB(5) | M12: mdh(2) | N12: pgi(1) | O12: phoE(4) | P12: rpoB(1) | Q12: tonB(4) | T12: plasmid::IncFIB::209339 | U12: plasmid::IncFIB::209339 | Y12: plasmid::IncFIB::209339 | AD12: C | AI12: C | AK12: plasmid::IncFIB::209339 | AL12: C | AO12: plasmid::IncFIB::209339 | AP12: plasmid::IncFIB::209339 | AR12: plasmid::IncFIB::209339 | AT12: plasmid::IncFIB::209339 | AV12: plasmid::IncFIB::209339 | BJ12: plasmid::IncFIB::209339 | BL12: C | BM12: plasmid::IncFIB::209339 | BO12: plasmid::IncFIB::209339
A13: 43FP.R | B13: 4 | C13: 4856057 | D13: 4733393 | E13: e-coli | F13: 2.31 | G13: ecoli_achtman_4 | H13: 1598 | J13: e-coli | K13: adk(8) | L13: fumC(7) | M13: gyrB(1) | N13: icd(8) | O13: mdh(8) | P13: purA(13) | Q13: recA(47) | Y13: C | AO13: C | AR13: C
A14: 55FP.B | B14: 2 | C14: 5441692 | D14: 5304786 | E14: klebsiella pneumoniae | F14: 2.26 | G14: klebsiella | H14: 6911 | J14: klebsiella pneumoniae | K14: gapA(17) | L14: infB(19) | M14: mdh(79) | N14: pgi(20) | O14: phoE(150) | P14: rpoB(55) | Q14: tonB(142) | T14: plasmid::IncFIB,IncFII,rep_cluster_2183::136906 | U14: plasmid::IncFIB,IncFII,rep_cluster_2183::136906 | Y14: plasmid::IncFIB,IncFII,rep_cluster_2183::136906 | AB14: C | AE14: plasmid::IncFIB,IncFII,rep_cluster_2183::136906 | AF14: plasmid::IncFIB,IncFII,rep_cluster_2183::136906 | AI14: C | AL14: C | AM14: C | AO14: plasmid::IncFIB,IncFII,rep_cluster_2183::136906 | AP14: plasmid::IncFIB,IncFII,rep_cluster_2183::136906
A15: 62FP.B | B15: 2 | C15: 5917447 | D15: 5842612 | F15: 2.01 | H15: - | J15: serratia fonticola | Z15: C | AC15: C
A16: 68FP.B | B16: 5 | C16: 6357595 | D16: 5983823 | E16: klebsiella oxytoca | F16: 2.36 | G16: koxytoca | H16: 40 | J16: klebsiella oxytoca | K16: gapA(3) | L16: infB(8) | M16: mdh(20) | N16: pgi(7) | O16: phoE(23) | P16: rpoB(14) | Q16: tonB(18) | T16: plasmid::IncFIB::243099 | U16: plasmid::IncFIB::243099 | Y16: plasmid::IncFIB::243099 | AE16: plasmid::IncFIB::243099 | AF16: plasmid::IncFIB::243099 | AL16: C | AM16: C | AP16: plasmid::IncFIB::243099 | AV16: C | BD16: C | BG16: plasmid::IncFIB::243099 | BN16: plasmid::IncFIB::243099 | BP16: plasmid::IncFIB::243099
A17: 78Mfe.R | B17: 47 | C17: 5222421 | D17: 823155 | E17: e-coli | F17: 2.42 | G17: ecoli_achtman_4 | H17: 50 | J17: e-coli | K17: adk(26) | L17: fumC(7) | M17: gyrB(4) | N17: icd(1) | O17: mdh(8) | P17: purA(8) | Q17: recA(6) | Y17: C | AO17: C
A18: 78Mfe.B | B18: 2 | C18: 5635962 | D18: 5414539 | E18: klebsiella pneumoniae | F18: 2.41 | G18: klebsiella | H18: NEW ST1 | J18: klebsiella pneumoniae | K18: gapA(2) | L18: infB(1) | M18: mdh(2) | N18: pgi(1) | O18: phoE(1) | P18: rpoB(1) | Q18: tonB(57) | Y18: plasmid::IncFIB,IncU::221423 | AE18: plasmid::IncFIB,IncU::221423 | AF18: plasmid::IncFIB,IncU::221423 | AI18: C | AM18: C | AO18: plasmid::IncFIB,IncU::221423 | AP18: plasmid::IncFIB,IncU::221423 | BE18: C | BF18: plasmid::IncFIB,IncU::221423 | BK18: C

Sheet Annalyse Facteur de risque
A1: IDENTIFICATION | G1: TAILLE & STRUCTURE | P1: Environnement de l'élevage | AC1: BIOSECURITE | AF1: Mouvements d'animaux | AH1: SANTE | AP1: Antibiotique | BL1: Hygiène et désinfection
A2: Elevage_ID | B2: Zone_géographique | C2: Date | D2: Bactérie résistante | F2: Age Charcutier (en semaine) | G2: Nb_batiment | H2: Type _batiment | I2: Type_elevage | J2: Nb_porcs | K2: Nb_Truie | L2: Nb_verrats | M2: Nb_bandes | N2: annee_installation | O2: Age_Elevage | P2: Distance_Eau_Inf100m | Q2: Type_pointH2O | R2: Elevage_Porcin_Inf500m | S2: Elevage_Autre_Espece_Inf500m | T2: Type_elevage_proche | U2: Autre animaux dans l'elevage | AC2: Marche_Avant | AD2: Isolement_Malades | AE2: Duree_Quarantaine (jours) | AF2: Achat_Animaux | AG2: Provenance_Exterieure | AH2: visite_veto | AI2: patho_digestive | AJ2: patho_respiratoire | AK2: patho_urinaire | AL2: Boiterie | AM2: patho_cutanee | AN2: Patho_repro | AO2: Canibalisme | AP2: Type_traitement | AQ2: Frequence_atb (x/mois) | AR2: Elimination atb | AS2: atb_penicilline (Benzylpénicilline + Dihydrostreptomycine) + Dihydrostreptomycine) | AV2: atb_amoxicilline | AY2: atb_phénicolés | BA2: atb_sulfamides | BC2: atb_Lincosamides | BE2: atb_macrolide | BH2: atb_Pleuromutilines | BJ2: atb_Tétracyclines | BL2: Utilisation_Desinfectant | BM2: Nom_Desinfectant | BN2: Alternance | BO2: Utilisation_Detergent | BP2: Nom_Detergent
D3: E-BSL | E3: E-CP | U3: Bovin | V3: Ovin/Caprin | W3: Volaille | X3: Chien/chat | Y3: Lapin | Z3: Equidé | AA3: Oiseau | AB3: Péroquet | AS3: Oui/Non | AT3: Shotapen | AU3: Pénijectyl | AV3: Oui/Non | AW3: Kelamoxyl | AX3: Vétrimoxin | AY3: Oui/Non | AZ3: Florfénicol | BA3: Oui/Non | BB3: Sulfacycline | BC3: Oui/Non | BD3: Lincospectin | BE3: Oui/Non | BF3: PHARMASIN | BG3: HUVEXXIN | BH3: Oui/Non | BI3: VETMULIN | BJ3: Oui/Non | BK3: LABIMYCIN
A4: FK001 | B4: =Elevage!L2 -> SAINT JOSEPH | C4: =Elevage!B2 -> 46092 | D4: 0 | E4: 0 | G4: 2 | H4: Dynamique | I4: Naisseur-engraisseur | J4: 700 | K4: 50 | L4: 2 | M4: 7 | N4: 1995 | O4: =2026-N4 -> 31 | P4: 0 | Q4: N.A | R4: 0 | S4: 1 | T4: Bovin | U4: 1 | V4: 0 | W4: 1 | X4: 0 | Y4: 0 | Z4: 0 | AA4: 0 | AB4: 0 | AC4: Partiel | AD4: Oui | AE4: 45 | AF4: 1 | AG4: SDC, NDP | AH4: Annuelle | AI4: 0 | AJ4: 1 | AK4: 0 | AL4: 0 | AM4: 0 | AN4: 0 | AO4: 0 | AP4: Individuelle | AQ4: 1 | AR4: DASRI | AS4: =IF(OR(AT4=1,AU4=1),1,0) -> 1 | AT4: 1 | AU4: 0 | AV4: =IF(OR(AW4=1,AX4),1,0) -> 1 | AW4: 1 | AX4: 0 | AY4: =IF(OR(AZ4=1),1,0) -> 0 | AZ4: 0 | BA4: =IF(OR(BB4=1),1,0) -> 0 | BB4: 0 | BC4: =IF(OR(BD4=1),1,0) -> 0 | BD4: 0 | BE4: =IF(OR(BG4=1,BF4),1,0) -> 0 | BF4: 0 | BG4: 0 | BH4: =IF(OR(BI4=1),1,0) -> 0 | BI4: 0 | BJ4: =IF(OR(BK4=1),1,0) -> 0 | BK4: 0 | BL4: 1 | BM4: G3F, G5F,Evogerme | BN4: 1 | BO4: 1 | BP4: Decabase, Evoclean
A5: FK002 | B5: =Elevage!L3 -> SAINT JOSEPH | C5: =Elevage!B3 -> 46092 | D5: 0 | E5: 0 | G5: 1 | H5: Statique | I5: Naisseur-engraisseur | J5: 400 | K5: 32 | L5: 2 | M5: 3 | N5: 1997 | O5: =2026-N5 -> 29 | P5: 0 | Q5: N.A | R5: 1 | S5: 1 | T5: Bovin, Caprin, Volaille | U5: 0 | V5: 0 | W5: 0 | X5: 0 | Y5: 0 | Z5: 0 | AA5: 0 | AB5: 0 | AC5: Oui | AD5: Oui | AE5: 40 | AF5: 1 | AG5: HKC | AH5: occsionnelle | AI5: 1 | AJ5: 1 | AK5: 0 | AL5: 0 | AM5: 0 | AN5: 0 | AO5: 0 | AP5: Individuelle | AQ5: 2 à 3 | AR5: DASRI | AS5: =IF(OR(AT5=1,AU5=1),1,0) -> 1 | AT5: 1 | AU5: 0 | AV5: =IF(OR(AW5=1,AX5),1,0) -> 0 | AW5: 0 | AX5: 0 | AY5: =IF(OR(AZ5=1),1,0) -> 0 | AZ5: 0 | BA5: =IF(OR(BB5=1),1,0) -> 1 | BB5: 1 | BC5: =IF(OR(BD5=1),1,0) -> 0 | BD5: 0 | BE5: =IF(OR(BG5=1,BF5),1,0) -> 1 | BF5: 0 | BG5: 1 | BH5: =IF(OR(BI5=1),1,0) -> 0 | BI5: 0 | BJ5: =IF(OR(BK5=1),1,0) -> 0 | BK5: 0 | BL5: 1 | BM5: Sanifarm | BN5: 0 | BO5: 1 | BP5: Lypoclean
A6: FK003 | B6: =Elevage!L4 -> SAINT PIERRE / PETITE ILE | C6: =Elevage!B4 -> 46094 | D6: 0 | E6: 0 | G6: 2 | H6: Mixte | I6: Naisseur-engraisseur | J6: 400 | K6: 38 | L6: 2 | M6: 7 | N6: 1993 | O6: =2026-N6 -> 33 | P6: 0 | Q6: N.A | R6: 0 | S6: 0 | T6: N.A | U6: 0 | V6: 1 | W6: 1 | X6: 1 | Y6: 0 | Z6: 0 | AA6: 0 | AB6: 0 | AC6: Non | AD6: Oui | AE6: 45 | AF6: 1 | AG6: NDP | AH6: occsionnelle | AI6: 1 | AJ6: 1 | AK6: 1 | AL6: 0 | AM6: 0 | AN6: 0 | AO6: 0 | AP6: Individuelle | AQ6: 2 à 3 | AR6: DASRI | AS6: =IF(OR(AT6=1,AU6=1),1,0) -> 1 | AT6: 1 | AU6: 0 | AV6: =IF(OR(AW6=1,AX6),1,0) -> 0 | AW6: 0 | AX6: 0 | AY6: =IF(OR(AZ6=1),1,0) -> 1 | AZ6: 1 | BA6: =IF(OR(BB6=1),1,0) -> 0 | BB6: 0 | BC6: =IF(OR(BD6=1),1,0) -> 0 | BD6: 0 | BE6: =IF(OR(BG6=1,BF6),1,0) -> 1 | BF6: 0 | BG6: 1 | BH6: =IF(OR(BI6=1),1,0) -> 0 | BI6: 0 | BJ6: =IF(OR(BK6=1),1,0) -> 0 | BK6: 0 | BL6: 1 | BM6: Sanifarm | BN6: 1 | BP6: Lypoclean
A7: FK004 | B7: =Elevage!L5 -> SAINT PIERRE / PETITE ILE | C7: =Elevage!B5 -> 46099 | D7: 1 | E7: 0 | G7: 1 | H7: Dynamique | I7: Naisseur-engraisseur | J7: 440 | K7: 32 | L7: 1 | M7: 5 | N7: 2024 | O7: =2026-N7 -> 2 | P7: 0 | Q7: N.A | R7: 1 | S7: 1 | T7: Bovin, Volaille | U7: 0 | V7: 0 | W7: 0 | X7: 0 | Y7: 0 | Z7: 0 | AA7: 0 | AB7: 0 | AC7: Oui | AD7: Oui | AE7: 45 | AF7: 1 | AG7: Francisceas | AH7: Annuelle | AI7: 0 | AJ7: 0 | AK7: 0 | AL7: 0 | AM7: 0 | AN7: 0 | AO7: 0 | AP7: Mixte | AQ7: 1 | AR7: DASRI | AS7: =IF(OR(AT7=1,AU7=1),1,0) -> 1 | AT7: 1 | AU7: 0 | AV7: =IF(OR(AW7=1,AX7),1,0) -> 1 | AW7: 0 | AX7: 1 | AY7: =IF(OR(AZ7=1),1,0) -> 0 | AZ7: 0 | BA7: =IF(OR(BB7=1),1,0) -> 0 | BB7: 0 | BC7: =IF(OR(BD7=1),1,0) -> 1 | BD7: 1 | BE7: =IF(OR(BG7=1,BF7),1,0) -> 0 | BF7: 0 | BG7: 0 | BH7: =IF(OR(BI7=1),1,0) -> 0 | BI7: 0 | BJ7: =IF(OR(BK7=1),1,0) -> 0 | BK7: 0 | BL7: 1 | BM7: Spectragene, Evogerme | BN7: 1 | BO7: 1 | BP7: Fomax
A8: FK005 | B8: =Elevage!L6 -> ETANG SALE/SAINT LOUIS | C8: =Elevage!B6 -> 46106 | D8: 0 | E8: 0 | F8: 26 | G8: 1 | H8: Mixte | I8: Naisseur-engraisseur | J8: 425 | K8: 38 | L8: 1 | M8: 6 | N8: 1990 | O8: =2026-N8 -> 36 | P8: 0 | Q8: N.A | R8: 0 | S8: 1 | T8: Caprin | U8: 0 | V8: 0 | W8: 0 | X8: 1 | Y8: 0 | Z8: 0 | AA8: 0 | AB8: 0 | AC8: Oui | AD8: Oui | AE8: 40 | AF8: 1 | AG8: Francisceas | AH8: Annuelle | AI8: 0 | AJ8: 1 | AK8: 0 | AL8: 0 | AM8: 0 | AN8: 0 | AO8: 0 | AP8: Mixte | AQ8: 1 | AR8: DASRI | AS8: =IF(OR(AT8=1,AU8=1),1,0) -> 1 | AT8: 1 | AU8: 0 | AV8: =IF(OR(AW8=1,AX8),1,0) -> 1 | AW8: 0 | AX8: 1 | AY8: =IF(OR(AZ8=1),1,0) -> 1 | AZ8: 1 | BA8: =IF(OR(BB8=1),1,0) -> 0 | BB8: 0 | BC8: =IF(OR(BD8=1),1,0) -> 0 | BD8: 0 | BE8: =IF(OR(BG8=1,BF8),1,0) -> 0 | BF8: 0 | BG8: 0 | BH8: =IF(OR(BI8=1),1,0) -> 0 | BI8: 0 | BJ8: =IF(OR(BK8=1),1,0) -> 0 | BK8: 0 | BL8: 1 | BM8: Spectragene, Vulcan, Sidving | BN8: 1 | BO8: 1 | BP8: (CPPR)
A9: FK006 | B9: =Elevage!L7 -> ETANG SALE/SAINT LOUIS | C9: =Elevage!B7 -> 46106 | D9: 1 | E9: 0 | F9: 23 | G9: 1 | H9: Dynamique | I9: Naisseur-engraisseur | J9: 200 | K9: 16 | L9: 1 | M9: 4 | N9: 1996 | O9: =2026-N9 -> 30 | P9: 0 | Q9: N.A | R9: 0 | S9: 1 | T9: Bovin | U9: 1 | V9: 0 | W9: 0 | X9: 1 | Y9: 0 | Z9: 0 | AA9: 0 | AB9: 0 | AC9: Partiel | AD9: Oui | AE9: 40 | AF9: 1 | AG9: Ferme du Bonheur | AH9: Annuelle | AI9: 1 | AJ9: 1 | AK9: 0 | AL9: 1 | AM9: 0 | AN9: 0 | AO9: 0 | AP9: Individuelle | AQ9: 1 | AR9: DASRI | AS9: =IF(OR(AT9=1,AU9=1),1,0) -> 1 | AT9: 1 | AU9: 0 | AV9: =IF(OR(AW9=1,AX9),1,0) -> 0 | AW9: 0 | AX9: 0 | AY9: =IF(OR(AZ9=1),1,0) -> 0 | AZ9: 0 | BA9: =IF(OR(BB9=1),1,0) -> 0 | BB9: 0 | BC9: =IF(OR(BD9=1),1,0) -> 0 | BD9: 0 | BE9: =IF(OR(BG9=1,BF9),1,0) -> 0 | BF9: 0 | BG9: 0 | BH9: =IF(OR(BI9=1),1,0) -> 0 | BI9: 0 | BJ9: =IF(OR(BK9=1),1,0) -> 0 | BK9: 0 | BL9: 1 | BM9: Halamide | BN9: 0 | BO9: 0 | BP9: EAU
A10: FK007 | B10: =Elevage!L8 -> AVIRONS/ SAINT LEU | C10: =Elevage!B8 -> 46111 | D10: 0 | E10: 0 | G10: 1 | H10: Dynamique | I10: Naisseur-engraisseur | J10: 600 | K10: 45 | L10: 1 | M10: 4 | N10: 1990 | O10: =2026-N10 -> 36 | P10: 0 | Q10: N.A | R10: 1 | S10: 1 | T10: Volaille | U10: 0 | V10: 0 | W10: 0 | X10: 0 | Y10: 0 | Z10: 0 | AA10: 0 | AB10: 0 | AC10: Oui | AD10: Partiel | AE10: 40 | AF10: 1 | AG10: HKC | AH10: Annuelle | AI10: 0 | AJ10: 1 | AK10: 1 | AL10: 1 | AM10: 0 | AN10: 0 | AO10: 0 | AP10: Mixte | AR10: Autre | AS10: =IF(OR(AT10=1,AU10=1),1,0) -> 1 | AT10: 1 | AU10: 1 | AV10: =IF(OR(AW10=1,AX10),1,0) -> 1 | AW10: 0 | AX10: 1 | AY10: =IF(OR(AZ10=1),1,0) -> 1 | AZ10: 1 | BA10: =IF(OR(BB10=1),1,0) -> 0 | BB10: 0 | BC10: =IF(OR(BD10=1),1,0) -> 0 | BD10: 0 | BE10: =IF(OR(BG10=1,BF10),1,0) -> 0 | BF10: 0 | BG10: 0 | BH10: =IF(OR(BI10=1),1,0) -> 0 | BI10: 0 | BJ10: =IF(OR(BK10=1),1,0) -> 0 | BK10: 0 | BL10: 1 | BM10: Spectragene, Vulcan, Sidving | BN10: 1 | BO10: 1 | BP10: Decabase, Fomax
A11: FK008 | B11: =Elevage!L9 -> AVIRONS/ SAINT LEU | C11: =Elevage!B9 -> 46111 | D11: 0 | E11: 0 | F11: 22 | G11: 2 | H11: Dynamique | I11: Naisseur-engraisseur | J11: 400 | K11: 38 | L11: 1 | M11: 5 | N11: 1992 | O11: =2026-N11 -> 34 | P11: 0 | Q11: N.A | R11: 1 | S11: 1 | T11: Volaille | U11: 0 | V11: 0 | W11: 1 | X11: 0 | Y11: 0 | Z11: 0 | AA11: 0 | AB11: 0 | AC11: Oui | AD11: Oui | AE11: 40 | AF11: 1 | AG11: Francisceas | AH11: Frequente | AI11: 1 | AJ11: 1 | AK11: 0 | AL11: 0 | AM11: 1 | AN11: 0 | AO11: 0 | AP11: Individuelle | AQ11: +3 | AR11: DASRI | AS11: =IF(OR(AT11=1,AU11=1),1,0) -> 1 | AT11: 1 | AU11: 0 | AV11: =IF(OR(AW11=1,AX11),1,0) -> 1 | AW11: 0 | AX11: 1 | AY11: =IF(OR(AZ11=1),1,0) -> 1 | AZ11: 1 | BA11: =IF(OR(BB11=1),1,0) -> 0 | BB11: 0 | BC11: =IF(OR(BD11=1),1,0) -> 0 | BD11: 0 | BE11: =IF(OR(BG11=1,BF11),1,0) -> 0 | BF11: 0 | BG11: 0 | BH11: =IF(OR(BI11=1),1,0) -> 0 | BI11: 0 | BJ11: =IF(OR(BK11=1),1,0) -> 0 | BK11: 0 | BL11: 0 | BM11: EAU | BN11: 0 | BO11: 1 | BP11: Fomax
A12: FK009 | B12: =Elevage!L10 -> AVIRONS/ SAINT LEU | C12: =Elevage!B10 -> 46111 | D12: 0 | E12: 0 | F12: 22 | G12: 1 | H12: Dynamique | I12: Naisseur-engraisseur | J12: 400 | K12: 32 | L12: 1 | M12: 5 | N12: 1995 | O12: =2026-N12 -> 31 | P12: 0 | Q12: N.A | R12: 1 | S12: 0 | T12: N.A | U12: 0 | V12: 0 | W12: 0 | X12: 0 | Y12: 0 | Z12: 0 | AA12: 0 | AB12: 0 | AC12: Non | AD12: Oui | AE12: 40 | AF12: 1 | AG12: Francisceas | AH12: Annuelle | AI12: 0 | AJ12: 1 | AK12: 0 | AL12: 1 | AM12: 0 | AN12: 0 | AO12: 0 | AP12: Mixte | AR12: DASRI | AS12: =IF(OR(AT12=1,AU12=1),1,0) -> 1 | AT12: 1 | AU12: 0 | AV12: =IF(OR(AW12=1,AX12),1,0) -> 1 | AW12: 0 | AX12: 1 | AY12: =IF(OR(AZ12=1),1,0) -> 0 | AZ12: 0 | BA12: =IF(OR(BB12=1),1,0) -> 0 | BB12: 0 | BC12: =IF(OR(BD12=1),1,0) -> 1 | BD12: 1 | BE12: =IF(OR(BG12=1,BF12),1,0) -> 0 | BF12: 0 | BG12: 0 | BH12: =IF(OR(BI12=1),1,0) -> 0 | BI12: 0 | BJ12: =IF(OR(BK12=1),1,0) -> 0 | BK12: 0 | BL12: 1 | BM12: Virocide | BN12: 0 | BO12: 1 | BP12: Evoclean
A13: FK010 | B13: =Elevage!L11 -> AVIRONS/ SAINT LEU | C13: =Elevage!B11 -> 46111 | D13: 0 | E13: 0 | F13: 26 | G13: 1 | H13: Dynamique | I13: Naisseur-engraisseur | J13: 400 | K13: 35 | L13: 1 | M13: 5 | N13: 2011 | O13: =2026-N13 -> 15 | P13: 0 | Q13: N.A | R13: 1 | S13: 1 | T13: Bovin, Volaille | U13: 0 | V13: 0 | W13: 0 | X13: 0 | Y13: 0 | Z13: 0 | AA13: 0 | AB13: 0 | AC13: Oui | AD13: Oui | AE13: 45 | AF13: 1 | AG13: Francisceas | AH13: Annuelle | AI13: 0 | AJ13: 1 | AK13: 1 | AL13: 0 | AM13: 0 | AN13: 0 | AO13: 0 | AP13: Mixte | AQ13: 2 à 3 | AR13: DASRI | AS13: =IF(OR(AT13=1,AU13=1),1,0) -> 1 | AT13: 1 | AU13: 0 | AV13: =IF(OR(AW13=1,AX13),1,0) -> 1 | AW13: 0 | AX13: 1 | AY13: =IF(OR(AZ13=1),1,0) -> 0 | AZ13: 0 | BA13: =IF(OR(BB13=1),1,0) -> 0 | BB13: 0 | BC13: =IF(OR(BD13=1),1,0) -> 0 | BD13: 0 | BE13: =IF(OR(BG13=1,BF13),1,0) -> 0 | BF13: 0 | BG13: 0 | BH13: =IF(OR(BI13=1),1,0) -> 0 | BI13: 0 | BJ13: =IF(OR(BK13=1),1,0) -> 0 | BK13: 0 | BL13: 1 | BM13: Spectragene | BN13: 0 | BO13: 1 | BP13: Fomax
A14: FK011 | B14: =Elevage!L12 -> AVIRONS/ SAINT LEU | C14: =Elevage!B12 -> 46112 | D14: 0 | E14: 0 | F14: 25 | G14: 1 | H14: Dynamique | I14: Naisseur-engraisseur | J14: 450 | K14: 32 | L14: 1 | M14: 5 | N14: 2000 | O14: =2026-N14 -> 26 | P14: 0 | Q14: N.A | R14: 0 | S14: 0 | T14: N.A | U14: 0 | V14: 0 | W14: 0 | X14: 0 | Y14: 0 | Z14: 0 | AA14: 0 | AB14: 0 | AC14: Oui | AD14: Oui | AE14: 40 | AF14: 1 | AG14: Francisceas | AH14: Annuelle | AI14: 0 | AJ14: 1 | AK14: 1 | AL14: 0 | AM14: 1 | AN14: 0 | AO14: 1 | AP14: Mixte | AQ14: 1 | AR14: DASRI | AS14: =IF(OR(AT14=1,AU14=1),1,0) -> 1 | AT14: 1 | AU14: 0 | AV14: =IF(OR(AW14=1,AX14),1,0) -> 1 | AW14: 0 | AX14: 1 | AY14: =IF(OR(AZ14=1),1,0) -> 1 | AZ14: 1 | BA14: =IF(OR(BB14=1),1,0) -> 0 | BB14: 0 | BC14: =IF(OR(BD14=1),1,0) -> 0 | BD14: 0 | BE14: =IF(OR(BG14=1,BF14),1,0) -> 1 | BF14: 0 | BG14: 1 | BH14: =IF(OR(BI14=1),1,0) -> 0 | BI14: 0 | BJ14: =IF(OR(BK14=1),1,0) -> 0 | BK14: 0 | BL14: 1 | BM14: CD20 | BN14: 0 | BO14: 1 | BP14: Cleanovea
A15: FK012 | B15: =Elevage!L13 -> AVIRONS/ SAINT LEU | C15: =Elevage!B13 -> 46112 | D15: 0 | E15: 0 | F15: 24 | G15: 1 | H15: Mixte | I15: Naisseur-engraisseur | J15: 320 | K15: 42 | L15: 1 | M15: 6 | N15: 1997 | O15: =2026-N15 -> 29 | P15: 0 | Q15: N.A | R15: 0 | S15: 0 | T15: N.A | U15: 0 | V15: 0 | W15: 0 | X15: 0 | Y15: 0 | Z15: 0 | AA15: 0 | AB15: 0 | AC15: Partiel | AD15: Oui | AE15: 40 | AF15: 1 | AG15: Francisceas | AH15: Annuelle | AI15: 0 | AJ15: 0 | AK15: 1 | AL15: 1 | AM15: 1 | AN15: 0 | AO15: 1 | AP15: Mixte | AR15: DASRI | AS15: =IF(OR(AT15=1,AU15=1),1,0) -> 1 | AT15: 1 | AU15: 0 | AV15: =IF(OR(AW15=1,AX15),1,0) -> 0 | AW15: 0 | AX15: 0 | AY15: =IF(OR(AZ15=1),1,0) -> 0 | AZ15: 0 | BA15: =IF(OR(BB15=1),1,0) -> 0 | BB15: 0 | BC15: =IF(OR(BD15=1),1,0) -> 0 | BD15: 0 | BE15: =IF(OR(BG15=1,BF15),1,0) -> 0 | BF15: 0 | BG15: 0 | BH15: =IF(OR(BI15=1),1,0) -> 0 | BI15: 0 | BJ15: =IF(OR(BK15=1),1,0) -> 0 | BK15: 0 | BL15: 1 | BM15: Spectragene | BN15: 0 | BO15: 0 | BP15: EAU
A16: FK013 | B16: =Elevage!L14 -> AVIRONS/ SAINT LEU | C16: =Elevage!B14 -> 46112 | D16: 1 | E16: 0 | F16: 26 | G16: 1 | H16: Dynamique | I16: Naisseur-engraisseur | J16: 750 | K16: 80 | L16: 1 | M16: 7 | N16: 1990 | O16: =2026-N16 -> 36 | P16: 1 | Q16: Retenue colinaire | R16: 0 | S16: 1 | T16: Bovin | U16: 0 | V16: 0 | W16: 0 | X16: 0 | Y16: 0 | Z16: 0 | AA16: 0 | AB16: 0 | AC16: Non | AD16: Oui | AE16: 40 | AF16: 1 | AG16: Francisceas | AH16: Annuelle | AI16: 1 | AJ16: 1 | AK16: 0 | AL16: 1 | AM16: 0 | AN16: 0 | AO16: 0 | AP16: Mixte | AQ16: 2 à 3 | AR16: DASRI | AS16: =IF(OR(AT16=1,AU16=1),1,0) -> 1 | AT16: 1 | AU16: 0 | AV16: =IF(OR(AW16=1,AX16),1,0) -> 1 | AW16: 0 | AX16: 1 | AY16: =IF(OR(AZ16=1),1,0) -> 0 | AZ16: 0 | BA16: =IF(OR(BB16=1),1,0) -> 0 | BB16: 0 | BC16: =IF(OR(BD16=1),1,0) -> 0 | BD16: 0 | BE16: =IF(OR(BG16=1,BF16),1,0) -> 0 | BF16: 0 | BG16: 0 | BH16: =IF(OR(BI16=1),1,0) -> 0 | BI16: 0 | BJ16: =IF(OR(BK16=1),1,0) -> 0 | BK16: 0 | BL16: 1 | BM16: Spectragene ,Virocide | BN16: 1 | BO16: 1 | BP16: Decabase
A17: FK014 | B17: =Elevage!L15 -> AVIRONS/ SAINT LEU | C17: =Elevage!B15 -> 46112 | D17: 0 | E17: 0 | G17: 1 | H17: Statique | I17: Naisseur-engraisseur | J17: 85 | K17: 15 | L17: 2 | M17: 0 | N17: 2021 | O17: =2026-N17 -> 5 | P17: 1 | Q17: Ravine | R17: 1 | S17: 1 | T17: Bovin, Canard, Volaille en pleine air | U17: 0 | V17: 0 | W17: 1 | X17: 1 | Y17: 1 | Z17: 0 | AA17: 0 | AB17: 0 | AC17: Non | AD17: Oui | AE17: 240 | AF17: 0 | AG17: N.A | AH17: Annuelle | AI17: 0 | AJ17: 1 | AK17: 0 | AL17: 1 | AM17: 0 | AN17: 0 | AO17: 0 | AP17: Individuelle | AQ17: 1 | AR17: DASRI | AS17: =IF(OR(AT17=1,AU17=1),1,0) -> 0 | AT17: 0 | AU17: 0 | AV17: =IF(OR(AW17=1,AX17),1,0) -> 0 | AW17: 0 | AX17: 0 | AY17: =IF(OR(AZ17=1),1,0) -> 0 | AZ17: 0 | BA17: =IF(OR(BB17=1),1,0) -> 0 | BB17: 0 | BC17: =IF(OR(BD17=1),1,0) -> 1 | BD17: 1 | BE17: =IF(OR(BG17=1,BF17),1,0) -> 0 | BF17: 0 | BG17: 0 | BH17: =IF(OR(BI17=1),1,0) -> 0 | BI17: 0 | BJ17: =IF(OR(BK17=1),1,0) -> 0 | BK17: 0 | BL17: 0 | BM17: EAU | BN17: 0 | BO17: 1 | BP17: Lypoclean
A18: FK015 | B18: =Elevage!L16 -> AVIRONS/ SAINT LEU | C18: =Elevage!B16 -> 46113 | D18: 0 | E18: 0 | AB18: 0 | BM18: v
A19: FK016 | B19: =Elevage!L17 -> TROIS BASSINS/ SAINT PAUL | C19: =Elevage!B17 -> 46113 | D19: 0 | E19: 0 | G19: 2 | H19: Dynamique | I19: Naisseur-engraisseur | J19: 600 | K19: 38 | L19: 1 | M19: 6 | N19: 1990 | O19: =2026-N19 -> 36 | P19: 0 | Q19: Retenue colinaire | R19: 0 | S19: 0 | T19: Volaille | U19: 1 | V19: 0 | W19: 0 | X19: 1 | Y19: 0 | Z19: 0 | AA19: 0 | AB19: 0 | AC19: Oui | AD19: Oui | AE19: 40 | AF19: 1 | AG19: NDP | AH19: Annuelle | AI19: 0 | AJ19: 0 | AK19: 0 | AL19: 0 | AM19: 1 | AN19: 0 | AO19: 0 | AP19: Individuelle | AQ19: 2 à 3 | AR19: DASRI | AS19: =IF(OR(AT19=1,AU19=1),1,0) -> 1 | AT19: 1 | AU19: 0 | AV19: =IF(OR(AW19=1,AX19),1,0) -> 1 | AW19: 0 | AX19: 1 | AY19: =IF(OR(AZ19=1),1,0) -> 0 | AZ19: 0 | BA19: =IF(OR(BB19=1),1,0) -> 0 | BB19: 0 | BC19: =IF(OR(BD19=1),1,0) -> 0 | BD19: 0 | BE19: =IF(OR(BG19=1,BF19),1,0) -> 0 | BF19: 0 | BG19: 0 | BH19: =IF(OR(BI19=1),1,0) -> 0 | BI19: 0 | BJ19: =IF(OR(BK19=1),1,0) -> 0 | BK19: 0 | BL19: 1 | BM19: Spectragene | BN19: 0 | BO19: 1 | BP19: Fomax,
A20: FK017 | B20: =Elevage!L18 -> TROIS BASSINS/ SAINT PAUL | C20: =Elevage!B18 -> 46113 | D20: 0 | E20: 0 | G20: 1 | H20: Dynamique | I20: Naisseur-engraisseur | J20: 450 | K20: 16 | L20: 1 | M20: 4 | N20: 1996 | O20: =2026-N20 -> 30 | P20: 0 | Q20: Eau d'irrigation | R20: 0 | S20: 1 | T20: Bovin | U20: 1 | V20: 1 | W20: 1 | X20: 1 | Y20: 0 | Z20: 1 | AA20: 0 | AB20: 0 | AC20: Oui | AD20: Oui | AE20: 40 | AF20: 1 | AG20: NDP | AH20: Annuelle | AI20: 1 | AJ20: 1 | AK20: 1 | AL20: 0 | AM20: 0 | AN20: 1 | AO20: 0 | AP20: Individuelle | AQ20: 1 | AR20: DASRI | AS20: =IF(OR(AT20=1,AU20=1),1,0) -> 1 | AT20: 1 | AU20: 0 | AV20: =IF(OR(AW20=1,AX20),1,0) -> 0 | AW20: 0 | AX20: 0 | AY20: =IF(OR(AZ20=1),1,0) -> 0 | AZ20: 0 | BA20: =IF(OR(BB20=1),1,0) -> 0 | BB20: 0 | BC20: =IF(OR(BD20=1),1,0) -> 1 | BD20: 1 | BE20: =IF(OR(BG20=1,BF20),1,0) -> 0 | BF20: 0 | BG20: 0 | BH20: =IF(OR(BI20=1),1,0) -> 0 | BI20: 0 | BJ20: =IF(OR(BK20=1),1,0) -> 0 | BK20: 0 | BL20: 1 | BM20: Spectragene | BN20: 0 | BO20: 0 | BP20: EAU
A21: FK018 | B21: =Elevage!L19 -> TROIS BASSINS/ SAINT PAUL | C21: =Elevage!B19 -> 46114 | D21: 0 | E21: 0 | G21: 2 | H21: Dynamique | I21: Naisseur-engraisseur | J21: 400 | K21: 46 | L21: 1 | M21: 4 | N21: 2006 | O21: =2026-N21 -> 20 | P21: 1 | Q21: Retenue colinaire | R21: 0 | S21: 0 | T21: N.A | U21: 0 | V21: 0 | W21: 1 | X21: 1 | Y21: 0 | Z21: 0 | AA21: 0 | AB21: 0 | AC21: Oui | AD21: Oui | AE21: 40 | AF21: 1 | AG21: Francisceas | AH21: Annuelle | AI21: 0 | AJ21: 1 | AK21: 0 | AL21: 0 | AM21: 0 | AN21: 0 | AO21: 0 | AP21: Individuelle | AQ21: 1 | AR21: DASRI | AS21: =IF(OR(AT21=1,AU21=1),1,0) -> 0 | AT21: 0 | AU21: 0 | AV21: =IF(OR(AW21=1,AX21),1,0) -> 1 | AW21: 0 | AX21: 1 | AY21: =IF(OR(AZ21=1),1,0) -> 1 | AZ21: 1 | BA21: =IF(OR(BB21=1),1,0) -> 0 | BB21: 0 | BC21: =IF(OR(BD21=1),1,0) -> 1 | BD21: 1 | BE21: =IF(OR(BG21=1,BF21),1,0) -> 0 | BF21: 0 | BG21: 0 | BH21: =IF(OR(BI21=1),1,0) -> 0 | BI21: 0 | BJ21: =IF(OR(BK21=1),1,0) -> 0 | BK21: 0 | BL21: 1 | BM21: G7F | BN21: 0 | BO21: 1 | BP21: Decabase
A22: FK019 | B22: =Elevage!L20 -> TROIS BASSINS/ SAINT PAUL | C22: =Elevage!B20 -> 46114 | D22: 0 | E22: 0 | H22: Dynamique | I22: Naisseur-engraisseur | U22: 0 | V22: 0 | W22: 0 | X22: 0 | Y22: 0 | Z22: 0 | AA22: 0 | AB22: 0 | AD22: Oui | AH22: Annuelle | AI22: 0 | AJ22: 0 | AK22: 0 | AL22: 0 | AM22: 0 | AN22: 0 | AO22: 0 | AR22: DASRI | AS22: =IF(OR(AT22=1,AU22=1),1,0) -> 0 | AT22: 0 | AU22: 0 | AV22: =IF(OR(AW22=1,AX22),1,0) -> 0 | AW22: 0 | AX22: 0 | AY22: =IF(OR(AZ22=1),1,0) -> 0 | AZ22: 0 | BA22: =IF(OR(BB22=1),1,0) -> 0 | BB22: 0 | BC22: =IF(OR(BD22=1),1,0) -> 0 | BD22: 0 | BE22: =IF(OR(BG22=1,BF22),1,0) -> 0 | BF22: 0 | BG22: 0 | BH22: =IF(OR(BI22=1),1,0) -> 0 | BI22: 0 | BJ22: =IF(OR(BK22=1),1,0) -> 0 | BK22: 0
A23: FK020 | B23: =Elevage!L21 -> TROIS BASSINS/ SAINT PAUL | C23: =Elevage!B21 -> 46114 | D23: 0 | E23: 0 | F23: 25 | G23: 2 | H23: Dynamique | I23: Naisseur-engraisseur | J23: 700 | K23: 97 | L23: 1 | M23: 7 | N23: 1992 | O23: =2026-N23 -> 34 | P23: 0 | Q23: N.A | R23: 0 | S23: 0 | T23: N.A | U23: 1 | V23: 0 | W23: 1 | X23: 0 | Y23: 0 | Z23: 0 | AA23: 0 | AB23: 0 | AC23: Oui | AD23: Non | AE23: 45 | AF23: 1 | AG23: NDP | AH23: Annuelle | AI23: 0 | AJ23: 0 | AK23: 1 | AL23: 0 | AM23: 0 | AN23: 0 | AO23: 0 | AP23: Individuelle | AQ23: 1 | AR23: DASRI | AS23: =IF(OR(AT23=1,AU23=1),1,0) -> 1 | AT23: 1 | AU23: 1 | AV23: =IF(OR(AW23=1,AX23),1,0) -> 1 | AW23: 0 | AX23: 1 | AY23: =IF(OR(AZ23=1),1,0) -> 0 | AZ23: 0 | BA23: =IF(OR(BB23=1),1,0) -> 0 | BB23: 0 | BC23: =IF(OR(BD23=1),1,0) -> 0 | BD23: 0 | BE23: =IF(OR(BG23=1,BF23),1,0) -> 0 | BF23: 0 | BG23: 0 | BH23: =IF(OR(BI23=1),1,0) -> 0 | BI23: 0 | BJ23: =IF(OR(BK23=1),1,0) -> 0 | BK23: 0 | BL23: 1 | BM23: Spectragene | BN23: 0 | BO23: 1 | BP23: Farmbase
A24: FK021 | B24: =Elevage!L22 -> TROIS BASSINS/ SAINT PAUL | C24: =Elevage!B22 -> 46114 | D24: 0 | E24: 0 | F24: 23 | G24: 1 | H24: Dynamique | I24: Naisseur-engraisseur | J24: 500 | K24: 40 | L24: 1 | M24: 7 | N24: 2001 | O24: =2026-N24 -> 25 | P24: 0 | Q24: N.A | R24: 1 | S24: 0 | T24: N.A | U24: 0 | V24: 0 | W24: 0 | X24: 0 | Y24: 0 | Z24: 0 | AA24: 0 | AB24: 0 | AC24: Oui | AD24: Oui | AE24: 35 | AF24: 1 | AG24: Francisceas | AH24: Annuelle | AI24: 1 | AJ24: 1 | AK24: 0 | AL24: 1 | AM24: 0 | AN24: 0 | AO24: 0 | AP24: Individuelle | AQ24: 1 | AR24: DASRI | AS24: =IF(OR(AT24=1,AU24=1),1,0) -> 1 | AT24: 1 | AU24: 0 | AV24: =IF(OR(AW24=1,AX24),1,0) -> 0 | AW24: 0 | AX24: 0 | AY24: =IF(OR(AZ24=1),1,0) -> 1 | AZ24: 1 | BA24: =IF(OR(BB24=1),1,0) -> 0 | BB24: 0 | BC24: =IF(OR(BD24=1),1,0) -> 1 | BD24: 1 | BE24: =IF(OR(BG24=1,BF24),1,0) -> 0 | BF24: 0 | BG24: 0 | BH24: =IF(OR(BI24=1),1,0) -> 0 | BI24: 0 | BJ24: =IF(OR(BK24=1),1,0) -> 0 | BK24: 0 | BL24: 0 | BN24: 0 | BO24: 0 | BP24: EAU
A25: FK022 | B25: =Elevage!L23 -> TROIS BASSINS/ SAINT PAUL | C25: =Elevage!B23 -> 46120 | D25: 0 | E25: 0 | F25: 24 | G25: 1 | H25: Dynamique | I25: Naisseur-engraisseur | J25: 450 | K25: 38 | L25: 1 | M25: 6 | N25: 1990 | O25: =2026-N25 -> 36 | P25: 0 | Q25: N.A | R25: 1 | S25: 0 | T25: N.A | U25: 1 | V25: 1 | W25: 0 | X25: 1 | Y25: 0 | Z25: 0 | AA25: 0 | AB25: 0 | AC25: Partiel | AD25: Oui | AE25: 40 | AF25: 1 | AG25: Francisceas | AH25: Annuelle | AI25: 1 | AJ25: 1 | AK25: 0 | AL25: 0 | AM25: 0 | AN25: 1 | AO25: 0 | AP25: Individuelle | AQ25: 2 à 3 | AR25: DASRI | AS25: =IF(OR(AT25=1,AU25=1),1,0) -> 1 | AT25: 1 | AU25: 0 | AV25: =IF(OR(AW25=1,AX25),1,0) -> 0 | AW25: 0 | AX25: 0 | AY25: =IF(OR(AZ25=1),1,0) -> 1 | AZ25: 1 | BA25: =IF(OR(BB25=1),1,0) -> 0 | BB25: 0 | BC25: =IF(OR(BD25=1),1,0) -> 0 | BD25: 0 | BE25: =IF(OR(BG25=1,BF25),1,0) -> 1 | BF25: 0 | BG25: 1 | BH25: =IF(OR(BI25=1),1,0) -> 0 | BI25: 0 | BJ25: =IF(OR(BK25=1),1,0) -> 0 | BK25: 0 | BL25: 1 | BM25: Spectragene | BN25: 0 | BO25: 0 | BP25: EAU
A26: FK022b | B26: =Elevage!L24 -> PLAINE DES PALMISTES/ SAINTE ANNE | C26: =Elevage!B24 -> 46121 | D26: 0 | E26: 0 | F26: 24 | G26: 2 | H26: Dynamique | I26: Naisseur-engraisseur | J26: 450 | K26: 38 | L26: 1 | M26: 6 | N26: 1997 | O26: =2026-N26 -> 29 | P26: 0 | Q26: N.A | R26: 0 | S26: 1 | T26: Bovin | U26: 0 | V26: 0 | W26: 0 | X26: 1 | Y26: 0 | Z26: 0 | AA26: 0 | AB26: 0 | AC26: Oui | AD26: Oui | AE26: 42 | AF26: 1 | AG26: Melosie | AH26: occsionnelle | AI26: 0 | AJ26: 1 | AK26: 1 | AL26: 1 | AM26: 0 | AN26: 0 | AO26: 0 | AP26: Individuelle | AQ26: 2 à 3 | AR26: DASRI | AS26: =IF(OR(AT26=1,AU26=1),1,0) -> 1 | AT26: 1 | AU26: 0 | AV26: =IF(OR(AW26=1,AX26),1,0) -> 1 | AW26: 1 | AX26: 0 | AY26: =IF(OR(AZ26=1),1,0) -> 0 | AZ26: 0 | BA26: =IF(OR(BB26=1),1,0) -> 0 | BB26: 0 | BC26: =IF(OR(BD26=1),1,0) -> 0 | BD26: 0 | BE26: =IF(OR(BG26=1,BF26),1,0) -> 0 | BF26: 0 | BG26: 0 | BH26: =IF(OR(BI26=1),1,0) -> 0 | BI26: 0 | BJ26: =IF(OR(BK26=1),1,0) -> 0 | BK26: 0 | BL26: 1 | BM26: Spectragene, Farmacox | BN26: 1 | BO26: 1 | BP26: Fomax,
A27: FK023 | B27: =Elevage!L25 -> PLAINE DES PALMISTES/ SAINTE ANNE | C27: =Elevage!B25 -> 46121 | D27: 0 | E27: 0 | F27: 22 | G27: 3 | H27: Dynamique | I27: Naisseur-engraisseur | J27: 400 | K27: 48 | L27: 2 | M27: 4 | N27: 2010 | O27: =2026-N27 -> 16 | P27: 0 | Q27: N.A | R27: 0 | S27: 1 | T27: Volaille | U27: 0 | V27: 0 | W27: 1 | X27: 1 | Y27: 0 | Z27: 0 | AA27: 0 | AB27: 0 | AC27: Oui | AD27: Oui | AF27: 1 | AH27: occsionnelle | AI27: 0 | AJ27: 0 | AK27: 0 | AL27: 1 | AM27: 0 | AN27: 0 | AO27: 0 | AP27: Individuelle | AR27: DASRI | AS27: =IF(OR(AT27=1,AU27=1),1,0) -> 1 | AT27: 1 | AU27: 0 | AV27: =IF(OR(AW27=1,AX27),1,0) -> 1 | AW27: 0 | AX27: 1 | AY27: =IF(OR(AZ27=1),1,0) -> 0 | AZ27: 0 | BA27: =IF(OR(BB27=1),1,0) -> 0 | BB27: 0 | BC27: =IF(OR(BD27=1),1,0) -> 0 | BD27: 0 | BE27: =IF(OR(BG27=1,BF27),1,0) -> 0 | BF27: 0 | BG27: 0 | BH27: =IF(OR(BI27=1),1,0) -> 0 | BI27: 0 | BJ27: =IF(OR(BK27=1),1,0) -> 0 | BK27: 0 | BL27: 1 | BM27: Spectragene,Vircon,Virocide | BN27: 1 | BO27: 1 | BP27: Decabase, Kenoran
A28: FK024 | B28: =Elevage!L26 -> PLAINE DES PALMISTES/ SAINTE ANNE | C28: =Elevage!B26 -> 46121 | D28: 1 | E28: 0 | F28: 28 | G28: 1 | H28: Dynamique | I28: Naisseur-engraisseur | J28: 375 | K28: 32 | L28: 1 | M28: 5 | N28: 2015 | O28: =2026-N28 -> 11 | P28: 1 | Q28: Eau de pluie | R28: 0 | S28: 0 | T28: N.A | U28: 0 | V28: 0 | W28: 1 | X28: 1 | Y28: 0 | Z28: 0 | AA28: 0 | AB28: 0 | AC28: Non | AD28: Oui | AE28: 40 | AF28: 1 | AG28: Melosie | AH28: Annuelle | AI28: 1 | AJ28: 1 | AK28: 1 | AL28: 1 | AM28: 1 | AN28: 0 | AO28: 0 | AP28: Mixte | AQ28: +3 | AR28: DASRI | AS28: =IF(OR(AT28=1,AU28=1),1,0) -> 1 | AT28: 1 | AU28: 0 | AV28: =IF(OR(AW28=1,AX28),1,0) -> 1 | AW28: 0 | AX28: 1 | AY28: =IF(OR(AZ28=1),1,0) -> 1 | AZ28: 1 | BA28: =IF(OR(BB28=1),1,0) -> 0 | BB28: 0 | BC28: =IF(OR(BD28=1),1,0) -> 0 | BD28: 0 | BE28: =IF(OR(BG28=1,BF28),1,0) -> 1 | BF28: 0 | BG28: 1 | BH28: =IF(OR(BI28=1),1,0) -> 0 | BI28: 0 | BJ28: =IF(OR(BK28=1),1,0) -> 0 | BK28: 0 | BL28: 1 | BM28: Virocide | BN28: 0 | BO28: 1 | BP28: Decabase
A29: FK025 | B29: =Elevage!L27 -> PLAINE DES PALMISTES/ SAINTE ANNE | C29: =Elevage!B27 -> 46121 | D29: 0 | E29: 0 | F29: 29 | G29: 1 | H29: Statique | I29: Naisseur-engraisseur | J29: 550 | K29: 51 | L29: 1 | M29: 7 | N29: 2004 | O29: =2026-N29 -> 22 | P29: 1 | Q29: Eau de pluie | R29: 0 | S29: 0 | T29: N.A | U29: 0 | V29: 0 | W29: 0 | X29: 1 | Y29: 0 | Z29: 0 | AA29: 0 | AB29: 0 | AC29: Oui | AD29: Oui | AE29: 42 | AF29: 1 | AG29: Melosie, Banobie | AH29: Annuelle | AI29: 1 | AJ29: 1 | AK29: 0 | AL29: 1 | AM29: 0 | AN29: 0 | AO29: 0 | AP29: Collectif | AQ29: 2 à 3 | AR29: DASRI | AS29: =IF(OR(AT29=1,AU29=1),1,0) -> 1 | AT29: 1 | AU29: 1 | AV29: =IF(OR(AW29=1,AX29),1,0) -> 1 | AW29: 0 | AX29: 1 | AY29: =IF(OR(AZ29=1),1,0) -> 0 | AZ29: 0 | BA29: =IF(OR(BB29=1),1,0) -> 0 | BB29: 0 | BC29: =IF(OR(BD29=1),1,0) -> 0 | BD29: 0 | BE29: =IF(OR(BG29=1,BF29),1,0) -> 0 | BF29: 0 | BG29: 0 | BH29: =IF(OR(BI29=1),1,0) -> 0 | BI29: 0 | BJ29: =IF(OR(BK29=1),1,0) -> 0 | BK29: 0 | BL29: 1 | BM29: Spectragene,CIP | BN29: 1 | BO29: 0 | BP29: EAU
A30: FK026 | B30: =Elevage!L28 -> SAINT ANDRE / SAINT BENOIT | C30: =Elevage!B28 -> 46122 | D30: 0 | E30: 0 | F30: 24 | G30: 3 | H30: Dynamique | I30: Naisseur-engraisseur | J30: 500 | K30: 45 | L30: 1 | M30: 7 | N30: 2018 | O30: =2026-N30 -> 8 | P30: 0 | Q30: N.A | R30: 0 | S30: 0 | T30: N.A | U30: 0 | V30: 0 | W30: 0 | X30: 1 | Y30: 0 | Z30: 0 | AA30: 0 | AB30: 0 | AC30: Oui | AD30: Partiel | AE30: 40 | AF30: 1 | AG30: Melosie, Banobie | AH30: Annuelle | AI30: 1 | AJ30: 0 | AK30: 0 | AL30: 1 | AM30: 0 | AN30: 0 | AO30: 1 | AP30: Individuelle | AQ30: +3 | AR30: DASRI | AS30: =IF(OR(AT30=1,AU30=1),1,0) -> 1 | AT30: 1 | AU30: 0 | AV30: =IF(OR(AW30=1,AX30),1,0) -> 1 | AW30: 0 | AX30: 1 | AY30: =IF(OR(AZ30=1),1,0) -> 0 | AZ30: 0 | BA30: =IF(OR(BB30=1),1,0) -> 0 | BB30: 0 | BC30: =IF(OR(BD30=1),1,0) -> 0 | BD30: 0 | BE30: =IF(OR(BG30=1,BF30),1,0) -> 1 | BF30: 1 | BG30: 0 | BH30: =IF(OR(BI30=1),1,0) -> 0 | BI30: 0 | BJ30: =IF(OR(BK30=1),1,0) -> 0 | BK30: 0 | BL30: 1 | BM30: Virocide, G4F | BN30: 1 | BO30: 1 | BP30: Decabase
A31: FK027 | B31: =Elevage!L29 -> SAINT ANDRE / SAINT BENOIT | C31: =Elevage!B29 -> 46122 | D31: 0 | E31: 0 | H31: Dynamique | I31: Naisseur-engraisseur | U31: 0 | V31: 0 | W31: 0 | X31: 0 | Y31: 0 | Z31: 0 | AA31: 0 | AB31: 0 | AD31: Oui | AH31: Annuelle | AI31: 0 | AJ31: 0 | AK31: 0 | AL31: 0 | AM31: 0 | AN31: 0 | AO31: 0 | AR31: DASRI | AS31: =IF(OR(AT31=1,AU31=1),1,0) -> 0 | AT31: 0 | AU31: 0 | AV31: =IF(OR(AW31=1,AX31),1,0) -> 0 | AW31: 0 | AX31: 0 | AY31: =IF(OR(AZ31=1),1,0) -> 0 | AZ31: 0 | BA31: =IF(OR(BB31=1),1,0) -> 0 | BB31: 0 | BC31: =IF(OR(BD31=1),1,0) -> 0 | BD31: 0 | BE31: =IF(OR(BG31=1,BF31),1,0) -> 0 | BF31: 0 | BG31: 0 | BH31: =IF(OR(BI31=1),1,0) -> 0 | BI31: 0 | BJ31: =IF(OR(BK31=1),1,0) -> 0 | BK31: 0
A32: FK028 | B32: =Elevage!L30 -> SAINT ANDRE / SAINT BENOIT | C32: =Elevage!B30 -> 46122 | D32: 1 | E32: 0 | G32: 2 | H32: Dynamique | I32: Naisseur-engraisseur | J32: 700 | K32: 56 | L32: 1 | M32: 7 | N32: 1989 | O32: =2026-N32 -> 37 | P32: 0 | Q32: Eau d'irrigation | R32: 1 | S32: 0 | T32: N.A | U32: 0 | V32: 0 | W32: 1 | X32: 0 | Y32: 0 | Z32: 0 | AA32: 0 | AB32: 0 | AC32: Oui | AD32: Oui | AE32: 56 | AF32: 1 | AG32: Melosie, Banobie | AH32: Annuelle | AI32: 1 | AJ32: 1 | AK32: 1 | AL32: 0 | AM32: 0 | AN32: 0 | AO32: 0 | AP32: Individuelle | AQ32: +3 | AR32: DASRI | AS32: =IF(OR(AT32=1,AU32=1),1,0) -> 1 | AT32: 1 | AU32: 0 | AV32: =IF(OR(AW32=1,AX32),1,0) -> 1 | AW32: 0 | AX32: 1 | AY32: =IF(OR(AZ32=1),1,0) -> 1 | AZ32: 1 | BA32: =IF(OR(BB32=1),1,0) -> 0 | BB32: 0 | BC32: =IF(OR(BD32=1),1,0) -> 0 | BD32: 0 | BE32: =IF(OR(BG32=1,BF32),1,0) -> 1 | BF32: 0 | BG32: 1 | BH32: =IF(OR(BI32=1),1,0) -> 0 | BI32: 0 | BJ32: =IF(OR(BK32=1),1,0) -> 0 | BK32: 0 | BL32: 1 | BM32: Spectragene ,Virocide | BN32: 1 | BO32: 0 | BP32: Decabase
A33: FK029 | B33: =Elevage!L31 -> SAINT ANDRE / SAINT BENOIT | C33: =Elevage!B31 -> 46122 | D33: 1 | E33: 1 | F33: 22 | G33: 1 | H33: Statique | I33: Naisseur-engraisseur | J33: 180 | K33: 26 | L33: 2 | M33: 1 | N33: 1986 | O33: =2026-N33 -> 40 | P33: 0 | Q33: N.A | R33: 0 | S33: 0 | T33: N.A | U33: 0 | V33: 0 | W33: 0 | X33: 0 | Y33: 0 | Z33: 0 | AA33: 0 | AB33: 0 | AC33: Non | AD33: Oui | AH33: Annuelle | AI33: 1 | AJ33: 0 | AK33: 1 | AL33: 0 | AM33: 0 | AN33: 0 | AO33: 0 | AP33: Individuelle | AQ33: 1 | AR33: DASRI | AS33: =IF(OR(AT33=1,AU33=1),1,0) -> 1 | AT33: 1 | AU33: 0 | AV33: =IF(OR(AW33=1,AX33),1,0) -> 0 | AW33: 0 | AX33: 0 | AY33: =IF(OR(AZ33=1),1,0) -> 0 | AZ33: 0 | BA33: =IF(OR(BB33=1),1,0) -> 0 | BB33: 0 | BC33: =IF(OR(BD33=1),1,0) -> 0 | BD33: 0 | BE33: =IF(OR(BG33=1,BF33),1,0) -> 0 | BF33: 0 | BG33: 0 | BH33: =IF(OR(BI33=1),1,0) -> 0 | BI33: 0 | BJ33: =IF(OR(BK33=1),1,0) -> 0 | BK33: 0 | BL33: 1 | BM33: Ecogerme | BN33: 0 | BO33: 1 | BP33: Evoclean
A34: FK030 | B34: SAINT ANDRE / SAINT BENOIT | C34: 46122 | D34: 0 | E34: 0 | F34: 28 | G34: 2 | H34: Dynamique | I34: Naisseur-engraisseur | J34: 475 | K34: 38 | L34: 2 | M34: 7 | N34: 2020 | O34: 6 | P34: 1 | Q34: bassin colinaire | R34: 0 | S34: 0 | T34: N.A | U34: 0 | V34: 0 | W34: 1 | X34: 1 | Y34: 0 | Z34: 0 | AA34: 0 | AB34: 0 | AC34: Non | AD34: Oui | AE34: 50 | AF34: 1 | AG34: Banobie | AH34: Annuelle | AI34: 0 | AJ34: 1 | AK34: 1 | AL34: 1 | AM34: 0 | AN34: 1 | AO34: 0 | AP34: Individuelle | AQ34: 1 | AR34: DASRI | AS34: 1 | AT34: 1 | AU34: 0 | AV34: 1 | AW34: 0 | AX34: 1 | AY34: 0 | AZ34: 0 | BA34: 0 | BB34: 0 | BC34: 0 | BD34: 0 | BE34: 0 | BF34: 0 | BG34: 0 | BH34: 0 | BI34: 0 | BJ34: 0 | BK34: 0 | BL34: 1 | BM34: Spectragene | BN34: 0 | BO34: 1 | BP34: Farmbase
A35: FK031 | B35: ETANG SALE/SAINT LOUIS | C35: 46125 | D35: 0 | E35: 0 | F35: 26 | G35: 2 | H35: Dynamique | I35: Naisseur-engraisseur | J35: 400 | K35: 50 | L35: 1 | M35: 7 | N35: 1994 | O35: 32 | P35: 0 | Q35: N.A | R35: 0 | S35: 0 | T35: N.A | U35: 0 | V35: 0 | W35: 1 | X35: 1 | Y35: 0 | Z35: 0 | AA35: 0 | AB35: 0 | AC35: Oui | AD35: Oui | AE35: 40 | AF35: 1 | AG35: Francisceas | AH35: Annuelle | AI35: 0 | AJ35: 1 | AK35: 0 | AL35: 1 | AM35: 0 | AN35: 0 | AO35: 0 | AP35: Individuelle | AQ35: 1 | AR35: DASRI | AS35: 1 | AT35: 1 | AU35: 0 | AV35: 0 | AW35: 0 | AX35: 0 | AY35: 1 | AZ35: 1 | BA35: 0 | BB35: 0 | BC35: 0 | BD35: 0 | BE35: 0 | BF35: 0 | BG35: 0 | BH35: 0 | BI35: 0 | BJ35: 0 | BK35: 0 | BL35: 1 | BM35: Spectragene | BN35: 0 | BO35: 1 | BP35: Fomax
A36: FK032 | B36: ETANG SALE/SAINT LOUIS | C36: 46125 | D36: 0 | E36: 0 | F36: 29 | G36: 2 | H36: Dynamique | I36: Naisseur-engraisseur | J36: 400 | K36: 26 | L36: 1 | M36: 4 | N36: 1984 | O36: 42 | P36: 1 | Q36: Eau d'irrigation | R36: 0 | S36: 1 | T36: Ruminant | U36: 0 | V36: 0 | W36: 1 | X36: 1 | Y36: 0 | Z36: 0 | AA36: 1 | AB36: 0 | AC36: Partiel | AD36: Non | AE36: 40 | AF36: 1 | AG36: NDP | AH36: occsionnelle | AI36: 1 | AJ36: 1 | AK36: 1 | AL36: 1 | AM36: 0 | AN36: 0 | AO36: 0 | AP36: Collectif | AQ36: 2 à 3 | AR36: DASRI | AS36: 1 | AT36: 1 | AU36: 0 | AV36: 1 | AW36: 0 | AX36: 1 | AY36: 1 | AZ36: 1 | BA36: 0 | BB36: 0 | BC36: 0 | BD36: 0 | BE36: 0 | BF36: 0 | BG36: 0 | BH36: 0 | BI36: 0 | BJ36: 0 | BK36: 0 | BL36: 1 | BM36: Vulcan | BN36: 0 | BO36: 0 | BP36: EAU
A37: FK033 | B37: ETANG SALE/SAINT LOUIS | C37: 46128 | D37: 0 | E37: 0 | F37: 23 | G37: 1 | H37: Dynamique | I37: Naisseur-engraisseur | J37: 450 | K37: 51 | L37: 1 | M37: 7 | N37: 1992 | O37: 34 | P37: 0 | Q37: N.A | R37: 1 | S37: 0 | T37: N.A | U37: 0 | V37: 1 | W37: 0 | X37: 0 | Y37: 0 | Z37: 0 | AA37: 0 | AB37: 0 | AC37: Oui | AD37: Oui | AE37: 40 | AF37: 1 | AG37: Francisceas | AH37: Annuelle | AI37: 1 | AJ37: 0 | AK37: 0 | AL37: 1 | AM37: 0 | AN37: 0 | AO37: 0 | AP37: Collectif | AQ37: 1 | AR37: DASRI | AS37: 1 | AT37: 1 | AU37: 0 | AV37: 1 | AW37: 0 | AX37: 1 | AY37: 1 | AZ37: 1 | BA37: 0 | BB37: 0 | BC37: 0 | BD37: 0 | BE37: 0 | BF37: 0 | BG37: 0 | BH37: 0 | BI37: 0 | BJ37: 0 | BK37: 0 | BL37: 1 | BM37: G3F, G5F,Evogerme | BN37: 1 | BO37: 1 | BP37: Decabase
A38: FK034 | B38: =Elevage!L37 -> ETANG SALE/SAINT LOUIS | C38: =Elevage!B37 -> 46128 | D38: 1 | E38: 0 | F38: 26 | G38: 2 | H38: Statique | I38: Naisseur-engraisseur | J38: 450 | K38: 42 | L38: 2 | M38: 4 | N38: 2012 | O38: =2026-N38 -> 14 | P38: 0 | Q38: N.A | R38: 1 | S38: 0 | T38: N.A | U38: 0 | V38: 1 | W38: 0 | X38: 0 | Y38: 0 | Z38: 0 | AA38: 0 | AB38: 0 | AC38: Oui | AD38: Oui | AE38: 40 | AF38: 1 | AG38: Goldeo | AH38: Annuelle | AI38: 0 | AJ38: 1 | AK38: 0 | AL38: 0 | AM38: 0 | AN38: 0 | AO38: 1 | AP38: Mixte | AQ38: 2 à 3 | AR38: DASRI | AS38: =IF(OR(AT38=1,AU38=1),1,0) -> 1 | AT38: 1 | AU38: 0 | AV38: =IF(OR(AW38=1,AX38),1,0) -> 0 | AW38: 0 | AX38: 0 | AY38: =IF(OR(AZ38=1),1,0) -> 0 | AZ38: 0 | BA38: =IF(OR(BB38=1),1,0) -> 0 | BB38: 0 | BC38: =IF(OR(BD38=1),1,0) -> 0 | BD38: 0 | BE38: =IF(OR(BG38=1,BF38),1,0) -> 0 | BF38: 0 | BG38: 0 | BH38: =IF(OR(BI38=1),1,0) -> 0 | BI38: 0 | BJ38: =IF(OR(BK38=1),1,0) -> 0 | BK38: 0 | BL38: 1 | BM38: Vulcan | BN38: 0 | BO38: 0 | BP38: EAU
A39: FK035 | B39: =Elevage!L38 -> ETANG SALE/SAINT LOUIS | C39: =Elevage!B38 -> 46128 | D39: 0 | E39: 0 | F39: 25 | G39: 2 | H39: Statique | I39: Naisseur-engraisseur | J39: 350 | K39: 50 | L39: 6 | M39: 4 | N39: 2006 | O39: =2026-N39 -> 20 | P39: 0 | Q39: N.A | R39: 1 | S39: 1 | T39: Canard | U39: 1 | V39: 0 | W39: 1 | X39: 0 | Y39: 0 | Z39: 0 | AA39: 0 | AB39: 0 | AC39: Partiel | AD39: Oui | AH39: Annuelle | AI39: 1 | AJ39: 1 | AK39: 0 | AL39: 0 | AM39: 0 | AN39: 0 | AO39: 1 | AP39: Mixte | AQ39: 2 à 3 | AR39: DASRI | AS39: =IF(OR(AT39=1,AU39=1),1,0) -> 1 | AT39: 1 | AU39: 0 | AV39: =IF(OR(AW39=1,AX39),1,0) -> 0 | AW39: 0 | AX39: 0 | AY39: =IF(OR(AZ39=1),1,0) -> 1 | AZ39: 1 | BA39: =IF(OR(BB39=1),1,0) -> 0 | BB39: 0 | BC39: =IF(OR(BD39=1),1,0) -> 0 | BD39: 0 | BE39: =IF(OR(BG39=1,BF39),1,0) -> 1 | BF39: 1 | BG39: 0 | BH39: =IF(OR(BI39=1),1,0) -> 1 | BI39: 1 | BJ39: =IF(OR(BK39=1),1,0) -> 0 | BK39: 0 | BL39: 1 | BM39: oclean | BN39: 0 | BO39: 1 | BP39: Evoclean
A40: FK036 | B40: =Elevage!L39 -> ETANG SALE/SAINT LOUIS | C40: =Elevage!B39 -> 46128 | D40: 0 | E40: 0 | F40: 25 | G40: 1 | H40: Dynamique | I40: Naisseur-engraisseur | J40: 575 | K40: 48 | L40: 1 | M40: 4 | N40: 2011 | O40: =2026-N40 -> 15 | P40: 0 | Q40: N.A | R40: 0 | S40: 1 | T40: Bovin | U40: 0 | V40: 0 | W40: 0 | X40: 0 | Y40: 0 | Z40: 0 | AA40: 0 | AB40: 0 | AC40: Partiel | AD40: Oui | AE40: 40 | AF40: 1 | AG40: HKC | AH40: Annuelle | AI40: 1 | AJ40: 1 | AK40: 1 | AL40: 1 | AM40: 0 | AN40: 0 | AO40: 1 | AP40: Mixte | AQ40: +3 | AR40: DASRI | AS40: =IF(OR(AT40=1,AU40=1),1,0) -> 1 | AT40: 1 | AU40: 0 | AV40: =IF(OR(AW40=1,AX40),1,0) -> 0 | AW40: 0 | AX40: 0 | AY40: =IF(OR(AZ40=1),1,0) -> 0 | AZ40: 0 | BA40: =IF(OR(BB40=1),1,0) -> 0 | BB40: 0 | BC40: =IF(OR(BD40=1),1,0) -> 0 | BD40: 0 | BE40: =IF(OR(BG40=1,BF40),1,0) -> 0 | BF40: 0 | BG40: 0 | BH40: =IF(OR(BI40=1),1,0) -> 0 | BI40: 0 | BJ40: =IF(OR(BK40=1),1,0) -> 1 | BK40: 1 | BL40: 0 | BM40: EAU | BN40: 0 | BO40: 0 | BP40: EAU
A41: FK037 | B41: =Elevage!L40 -> SAINT JOSEPH | C41: =Elevage!B40 -> 46129 | D41: 0 | E41: 0 | G41: 4 | H41: Mixte | I41: Naisseur-engraisseur | J41: 500 | K41: 65 | L41: 1 | M41: 4 | N41: 1992 | O41: =2026-N41 -> 34 | P41: 1 | Q41: Eau de pluie | R41: 1 | S41: 0 | T41: N.A | U41: 0 | V41: 0 | W41: 0 | X41: 1 | Y41: 0 | Z41: 0 | AA41: 0 | AB41: 0 | AC41: Oui | AD41: Oui | AE41: 40 | AF41: 1 | AG41: Goyavier | AH41: Annuelle | AI41: 1 | AJ41: 0 | AK41: 0 | AL41: 1 | AM41: 0 | AN41: 0 | AO41: 0 | AP41: Individuelle | AQ41: 1 | AR41: DASRI | AS41: =IF(OR(AT41=1,AU41=1),1,0) -> 1 | AT41: 1 | AU41: 0 | AV41: =IF(OR(AW41=1,AX41),1,0) -> 0 | AW41: 0 | AX41: 0 | AY41: =IF(OR(AZ41=1),1,0) -> 0 | AZ41: 0 | BA41: =IF(OR(BB41=1),1,0) -> 0 | BB41: 0 | BC41: =IF(OR(BD41=1),1,0) -> 0 | BD41: 0 | BE41: =IF(OR(BG41=1,BF41),1,0) -> 0 | BF41: 0 | BG41: 0 | BH41: =IF(OR(BI41=1),1,0) -> 0 | BI41: 0 | BJ41: =IF(OR(BK41=1),1,0) -> 0 | BK41: 0 | BL41: 0 | BM41: EAU | BN41: 0 | BO41: 0 | BP41: EAU
A42: FK038 | B42: =Elevage!L41 -> SAINT JOSEPH | C42: =Elevage!B41 -> 46129 | D42: 0 | E42: 0 | F42: 27 | G42: 1 | H42: Mixte | I42: Naisseur-engraisseur | J42: 280 | K42: 24 | L42: 1 | M42: 4 | N42: 2007 | O42: =2026-N42 -> 19 | P42: 1 | Q42: Eau de pluie | R42: 1 | S42: 0 | T42: N.A | U42: 1 | V42: 0 | W42: 0 | X42: 1 | Y42: 0 | Z42: 0 | AA42: 0 | AB42: 0 | AC42: Non | AD42: Oui | AE42: 20 | AF42: 1 | AG42: BEGUE GABRIEL | AH42: Annuelle | AI42: 0 | AJ42: 0 | AK42: 1 | AL42: 1 | AM42: 0 | AN42: 0 | AO42: 0 | AP42: Individuelle | AQ42: 2 à 3 | AR42: Autre | AS42: =IF(OR(AT42=1,AU42=1),1,0) -> 1 | AT42: 1 | AU42: 0 | AV42: =IF(OR(AW42=1,AX42),1,0) -> 1 | AW42: 0 | AX42: 1 | AY42: =IF(OR(AZ42=1),1,0) -> 1 | AZ42: 1 | BA42: =IF(OR(BB42=1),1,0) -> 0 | BB42: 0 | BC42: =IF(OR(BD42=1),1,0) -> 1 | BD42: 1 | BE42: =IF(OR(BG42=1,BF42),1,0) -> 0 | BF42: 0 | BG42: 0 | BH42: =IF(OR(BI42=1),1,0) -> 0 | BI42: 0 | BJ42: =IF(OR(BK42=1),1,0) -> 0 | BK42: 0 | BL42: 1 | BM42: stalosan | BN42: 0 | BO42: 0 | BP42: EAU
A43: FK039 | B43: =Elevage!L42 -> SAINT JOSEPH | C43: =Elevage!B42 -> 46139 | D43: 0 | E43: 0 | F43: 23 | G43: 1 | H43: Dynamique | I43: Naisseur-engraisseur | J43: 700 | K43: 45 | L43: 1 | M43: 7 | N43: 1998 | O43: =2026-N43 -> 28 | P43: 0 | Q43: N.A | R43: 1 | S43: 1 | T43: Bovin | U43: 0 | V43: 0 | W43: 0 | X43: 0 | Y43: 0 | Z43: 0 | AA43: 0 | AB43: 0 | AC43: Oui | AD43: Oui | AE43: 35 | AF43: 1 | AG43: NDP, Goyavier | AH43: Annuelle | AI43: 1 | AJ43: 1 | AK43: 0 | AL43: 1 | AM43: 0 | AN43: 0 | AO43: 1 | AP43: Mixte | AQ43: +3 | AR43: DASRI | AS43: =IF(OR(AT43=1,AU43=1),1,0) -> 1 | AT43: 1 | AU43: 0 | AV43: =IF(OR(AW43=1,AX43),1,0) -> 1 | AW43: 0 | AX43: 1 | AY43: =IF(OR(AZ43=1),1,0) -> 1 | AZ43: 1 | BA43: =IF(OR(BB43=1),1,0) -> 0 | BB43: 0 | BC43: =IF(OR(BD43=1),1,0) -> 0 | BD43: 0 | BE43: =IF(OR(BG43=1,BF43),1,0) -> 0 | BF43: 0 | BG43: 0 | BH43: =IF(OR(BI43=1),1,0) -> 0 | BI43: 0 | BJ43: =IF(OR(BK43=1),1,0) -> 0 | BK43: 0 | BL43: 1 | BM43: Virocide, G2F ,G3F,G7F | BN43: 1 | BO43: 1 | BP43: Decabase
A44: FK040 | B44: =Elevage!L43 -> SAINT JOSEPH | C44: =Elevage!B43 -> 46139 | D44: 0 | E44: 0 | G44: 2 | H44: Statique | I44: Naisseur-engraisseur | J44: 400 | K44: 20 | L44: 1 | M44: 4 | P44: 0 | Q44: N.A | R44: 1 | S44: 1 | T44: Bovin | U44: 0 | V44: 0 | W44: 0 | X44: 1 | Y44: 0 | Z44: 0 | AA44: 1 | AB44: 0 | AC44: Oui | AD44: Oui | AE44: 55 | AF44: 1 | AG44: NDP, Goyavier | AH44: Annuelle | AI44: 0 | AJ44: 0 | AK44: 0 | AL44: 0 | AM44: 0 | AN44: 0 | AO44: 0 | AP44: Mixte | AQ44: 2 à 3 | AR44: DASRI | AS44: =IF(OR(AT44=1,AU44=1),1,0) -> 1 | AT44: 1 | AU44: 0 | AV44: =IF(OR(AW44=1,AX44),1,0) -> 1 | AW44: 0 | AX44: 1 | AY44: =IF(OR(AZ44=1),1,0) -> 0 | AZ44: 0 | BA44: =IF(OR(BB44=1),1,0) -> 0 | BB44: 0 | BC44: =IF(OR(BD44=1),1,0) -> 0 | BD44: 0 | BE44: =IF(OR(BG44=1,BF44),1,0) -> 0 | BF44: 0 | BG44: 0 | BH44: =IF(OR(BI44=1),1,0) -> 0 | BI44: 0 | BJ44: =IF(OR(BK44=1),1,0) -> 0 | BK44: 0 | BL44: 1 | BM44: ? | BN44: 0 | BO44: 0 | BP44: EAU
A45: FK041 | B45: =Elevage!L44 -> SAINT JOSEPH | C45: =Elevage!B44 -> 46139 | D45: 0 | E45: 0 | G45: 1 | H45: Statique | I45: Naisseur-engraisseur | J45: 250 | K45: 24 | L45: 1 | M45: 4 | N45: 1998 | O45: =2026-N45 -> 28 | P45: 0 | Q45: N.A | R45: 1 | S45: 0 | T45: N.A | U45: 0 | V45: 0 | W45: 1 | X45: 0 | Y45: 0 | Z45: 0 | AA45: 0 | AB45: 0 | AC45: Non | AD45: Oui | AF45: 0 | AG45: N.A | AH45: Annuelle | AI45: 0 | AJ45: 0 | AK45: 0 | AL45: 1 | AM45: 0 | AN45: 0 | AO45: 0 | AP45: Individuelle | AQ45: 1 | AR45: DASRI | AS45: =IF(OR(AT45=1,AU45=1),1,0) -> 1 | AT45: 1 | AU45: 0 | AV45: =IF(OR(AW45=1,AX45),1,0) -> 0 | AW45: 0 | AX45: 0 | AY45: =IF(OR(AZ45=1),1,0) -> 1 | AZ45: 1 | BA45: =IF(OR(BB45=1),1,0) -> 0 | BB45: 0 | BC45: =IF(OR(BD45=1),1,0) -> 0 | BD45: 0 | BE45: =IF(OR(BG45=1,BF45),1,0) -> 1 | BF45: 0 | BG45: 1 | BH45: =IF(OR(BI45=1),1,0) -> 0 | BI45: 0 | BJ45: =IF(OR(BK45=1),1,0) -> 0 | BK45: 0 | BL45: 1 | BM45: TH5 | BN45: 0 | BO45: 0 | BP45: EAU
A46: FK042 | B46: =Elevage!L45 -> SAINT JOSEPH | C46: =Elevage!B45 -> 46139 | D46: 0 | E46: 0 | F46: 26 | G46: 2 | H46: Dynamique | I46: Naisseur-engraisseur | J46: 500 | K46: 38 | L46: 1 | M46: 4 | N46: 1980 | O46: =2026-N46 -> 46 | P46: 0 | Q46: N.A | R46: 1 | S46: 1 | T46: Volaille | U46: 0 | V46: 0 | W46: 1 | X46: 0 | Y46: 0 | Z46: 0 | AA46: 0 | AB46: 0 | AC46: Oui | AD46: Oui | AE46: 35 | AF46: 1 | AG46: Goyavier | AH46: Annuelle | AI46: 1 | AJ46: 0 | AK46: 0 | AL46: 1 | AM46: 0 | AN46: 0 | AO46: 1 | AP46: Individuelle | AQ46: 1 | AR46: DASRI | AS46: =IF(OR(AT46=1,AU46=1),1,0) -> 1 | AT46: 1 | AU46: 0 | AV46: =IF(OR(AW46=1,AX46),1,0) -> 1 | AW46: 0 | AX46: 1 | AY46: =IF(OR(AZ46=1),1,0) -> 0 | AZ46: 0 | BA46: =IF(OR(BB46=1),1,0) -> 0 | BB46: 0 | BC46: =IF(OR(BD46=1),1,0) -> 0 | BD46: 0 | BE46: =IF(OR(BG46=1,BF46),1,0) -> 1 | BF46: 0 | BG46: 1 | BH46: =IF(OR(BI46=1),1,0) -> 0 | BI46: 0 | BJ46: =IF(OR(BK46=1),1,0) -> 0 | BK46: 0 | BL46: 1 | BM46: Ecogerme, Farmacox | BN46: 1 | BO46: 0 | BP46: Evoclean
A47: FK043 | B47: =Elevage!L46 -> AVIRONS/ SAINT LEU | C47: =Elevage!B46 -> 46139 | D47: 1 | E47: 0 | H47: Statique | I47: Naisseur-engraisseur | O47: =2026-N47 -> 2026 | U47: 0 | V47: 0 | W47: 0 | X47: 0 | Y47: 0 | Z47: 0 | AA47: 0 | AB47: 0 | AD47: Oui | AH47: Annuelle | AI47: 0 | AJ47: 0 | AK47: 0 | AL47: 0 | AM47: 0 | AN47: 0 | AO47: 0 | AR47: DASRI | AS47: =IF(OR(AT47=1,AU47=1),1,0) -> 0 | AT47: 0 | AU47: 0 | AV47: =IF(OR(AW47=1,AX47),1,0) -> 0 | AW47: 0 | AX47: 0 | AY47: =IF(OR(AZ47=1),1,0) -> 0 | AZ47: 0 | BA47: =IF(OR(BB47=1),1,0) -> 0 | BB47: 0 | BC47: =IF(OR(BD47=1),1,0) -> 0 | BD47: 0 | BE47: =IF(OR(BG47=1,BF47),1,0) -> 0 | BF47: 0 | BG47: 0 | BH47: =IF(OR(BI47=1),1,0) -> 0 | BI47: 0 | BJ47: =IF(OR(BK47=1),1,0) -> 0 | BK47: 0
A48: FK044 | B48: =Elevage!L47 -> SAINT JOSEPH | C48: =Elevage!B47 -> 46141 | D48: 0 | E48: 0 | F48: 24 | G48: 5 | H48: Dynamique | I48: Naisseur-engraisseur | J48: 1200 | K48: 100 | L48: 1 | M48: 5 | N48: 1992 | O48: =2026-N48 -> 34 | P48: 0 | Q48: N.A | R48: 0 | S48: 1 | T48: Bovin | U48: 0 | V48: 0 | W48: 0 | X48: 0 | Y48: 1 | Z48: 0 | AA48: 1 | AB48: 0 | AC48: Oui | AD48: Partiel | AE48: 40 | AF48: 1 | AG48: HKC, Goyavier | AH48: Annuelle | AI48: 0 | AJ48: 0 | AK48: 1 | AL48: 1 | AM48: 0 | AN48: 0 | AO48: 1 | AP48: Individuelle | AQ48: +3 | AR48: DASRI | AS48: =IF(OR(AT48=1,AU48=1),1,0) -> 1 | AT48: 1 | AU48: 0 | AV48: =IF(OR(AW48=1,AX48),1,0) -> 0 | AW48: 0 | AX48: 0 | AY48: =IF(OR(AZ48=1),1,0) -> 1 | AZ48: 1 | BA48: =IF(OR(BB48=1),1,0) -> 0 | BB48: 0 | BC48: =IF(OR(BD48=1),1,0) -> 0 | BD48: 0 | BE48: =IF(OR(BG48=1,BF48),1,0) -> 0 | BF48: 0 | BG48: 0 | BH48: =IF(OR(BI48=1),1,0) -> 0 | BI48: 0 | BJ48: =IF(OR(BK48=1),1,0) -> 0 | BK48: 0 | BL48: 1 | BM48: Virocide | BN48: 0 | BO48: 1 | BP48: Decabase
A49: FK045 | B49: =Elevage!L48 -> SAINT PIERRE / PETITE ILE | C49: =Elevage!B48 -> 46141 | D49: 0 | E49: 0 | H49: Dynamique | I49: Naisseur-engraisseur | O49: =2026-N49 -> 2026 | U49: 0 | V49: 0 | W49: 0 | X49: 0 | Y49: 0 | Z49: 0 | AA49: 0 | AB49: 0 | AD49: Oui | AH49: Annuelle | AI49: 0 | AJ49: 0 | AK49: 0 | AL49: 0 | AM49: 0 | AN49: 0 | AO49: 0 | AR49: DASRI | AS49: =IF(OR(AT49=1,AU49=1),1,0) -> 0 | AT49: 0 | AU49: 0 | AV49: =IF(OR(AW49=1,AX49),1,0) -> 0 | AW49: 0 | AX49: 0 | AY49: =IF(OR(AZ49=1),1,0) -> 0 | AZ49: 0 | BA49: =IF(OR(BB49=1),1,0) -> 0 | BB49: 0 | BC49: =IF(OR(BD49=1),1,0) -> 0 | BD49: 0 | BE49: =IF(OR(BG49=1,BF49),1,0) -> 0 | BF49: 0 | BG49: 0 | BH49: =IF(OR(BI49=1),1,0) -> 0 | BI49: 0 | BJ49: =IF(OR(BK49=1),1,0) -> 0 | BK49: 0
A50: FK046 | B50: =Elevage!L49 -> SAINT JOSEPH | C50: =Elevage!B49 -> 46141 | D50: 0 | E50: 0 | F50: 28 | G50: 1 | H50: Dynamique | I50: Naisseur-engraisseur | J50: 450 | K50: 32 | L50: 1 | M50: 5 | N50: 2011 | O50: =2026-N50 -> 15 | P50: 0 | Q50: N.A | R50: 0 | S50: 1 | T50: Volaille | U50: 0 | V50: 0 | W50: 0 | X50: 1 | Y50: 0 | Z50: 0 | AA50: 1 | AB50: 0 | AC50: Oui | AD50: Oui | AE50: 45 | AF50: 1 | AG50: HKC, Goyavier | AH50: Annuelle | AI50: 1 | AJ50: 1 | AK50: 0 | AL50: 1 | AM50: 0 | AN50: 1 | AO50: 1 | AP50: Mixte | AQ50: +3 | AR50: DASRI | AS50: =IF(OR(AT50=1,AU50=1),1,0) -> 1 | AT50: 1 | AU50: 0 | AV50: =IF(OR(AW50=1,AX50),1,0) -> 1 | AW50: 1 | AX50: 1 | AY50: =IF(OR(AZ50=1),1,0) -> 1 | AZ50: 1 | BA50: =IF(OR(BB50=1),1,0) -> 0 | BB50: 0 | BC50: =IF(OR(BD50=1),1,0) -> 0 | BD50: 0 | BE50: =IF(OR(BG50=1,BF50),1,0) -> 0 | BF50: 0 | BG50: 0 | BH50: =IF(OR(BI50=1),1,0) -> 0 | BI50: 0 | BJ50: =IF(OR(BK50=1),1,0) -> 0 | BK50: 0 | BL50: 1 | BM50: Spectragene, Hygiakill | BN50: 1 | BO50: 0 | BP50: EAU
A51: FK047 | B51: =Elevage!L50 -> SAINT JOSEPH | C51: =Elevage!B50 -> 46141 | D51: 0 | E51: 0 | F51: 22 | G51: 1 | H51: Dynamique | I51: Naisseur-engraisseur | J51: 450 | K51: 32 | L51: 1 | M51: 5 | N51: 2023 | O51: =2026-N51 -> 3 | P51: 0 | Q51: N.A | R51: 0 | S51: 1 | T51: Volaille, Lapin | U51: 0 | V51: 0 | W51: 0 | X51: 1 | Y51: 0 | Z51: 0 | AA51: 1 | AB51: 0 | AC51: Oui | AD51: Oui | AE51: 40 | AF51: 1 | AG51: HKC, Goyavier | AH51: Annuelle | AI51: 1 | AJ51: 1 | AK51: 1 | AL51: 1 | AM51: 0 | AN51: 0 | AO51: 1 | AP51: Individuelle | AQ51: 2 à 3 | AR51: DASRI | AS51: =IF(OR(AT51=1,AU51=1),1,0) -> 1 | AT51: 1 | AU51: 1 | AV51: =IF(OR(AW51=1,AX51),1,0) -> 0 | AW51: 0 | AX51: 0 | AY51: =IF(OR(AZ51=1),1,0) -> 1 | AZ51: 1 | BA51: =IF(OR(BB51=1),1,0) -> 0 | BB51: 0 | BC51: =IF(OR(BD51=1),1,0) -> 0 | BD51: 0 | BE51: =IF(OR(BG51=1,BF51),1,0) -> 1 | BF51: 0 | BG51: 1 | BH51: =IF(OR(BI51=1),1,0) -> 1 | BI51: 1 | BJ51: =IF(OR(BK51=1),1,0) -> 0 | BK51: 0 | BL51: 1 | BM51: TH5,Mephysto | BN51: 1 | BO51: 1 | BP51: Decabase, Farmbase
A52: FK048 | B52: =Elevage!L51 -> ETANG SALE/SAINT LOUIS | C52: =Elevage!B51 -> 46141 | D52: 0 | E52: 0 | F52: 25 | G52: 1 | H52: Dynamique | I52: Naisseur-engraisseur | J52: 450 | K52: 32 | L52: 1 | M52: 5 | N52: 1992 | O52: =2026-N52 -> 34 | P52: 0 | Q52: N.A | R52: 1 | S52: 0 | T52: N.A | U52: 0 | V52: 0 | W52: 1 | X52: 1 | Y52: 0 | Z52: 0 | AA52: 0 | AB52: 0 | AC52: Oui | AD52: Oui | AE52: 60 | AF52: 1 | AG52: Ferme du Bonheur | AH52: Annuelle | AI52: 0 | AJ52: 0 | AK52: 1 | AL52: 1 | AM52: 1 | AN52: 0 | AO52: 0 | AP52: Individuelle | AQ52: 1 | AR52: DASRI | AS52: =IF(OR(AT52=1,AU52=1),1,0) -> 1 | AT52: 1 | AU52: 0 | AV52: =IF(OR(AW52=1,AX52),1,0) -> 0 | AW52: 0 | AX52: 0 | AY52: =IF(OR(AZ52=1),1,0) -> 0 | AZ52: 0 | BA52: =IF(OR(BB52=1),1,0) -> 0 | BB52: 0 | BC52: =IF(OR(BD52=1),1,0) -> 0 | BD52: 0 | BE52: =IF(OR(BG52=1,BF52),1,0) -> 0 | BF52: 0 | BG52: 0 | BH52: =IF(OR(BI52=1),1,0) -> 0 | BI52: 0 | BJ52: =IF(OR(BK52=1),1,0) -> 1 | BK52: 1 | BL52: 1 | BM52: Spectragene | BN52: 0 | BO52: 1 | BP52: Fomax
A53: FK049 | B53: =Elevage!L52 -> LE TAMPON/PLAINE DES CAFRES | C53: =Elevage!B52 -> 46148 | D53: 0 | E53: 0 | F53: 26 | G53: 1 | H53: Dynamique | I53: Naisseur-engraisseur | J53: 550 | K53: 45 | L53: 2 | M53: 7 | N53: 2024 | O53: =2026-N53 -> 2 | P53: 0 | Q53: Retenue colinaire | R53: 0 | S53: 1 | T53: Bovin | U53: 0 | V53: 0 | W53: 0 | X53: 0 | Y53: 0 | Z53: 0 | AA53: 0 | AB53: 0 | AC53: Oui | AD53: Oui | AE53: 45 | AF53: 1 | AG53: HKC | AH53: Annuelle | AI53: 0 | AJ53: 1 | AK53: 0 | AL53: 1 | AM53: 0 | AN53: 0 | AO53: 1 | AP53: Mixte | AQ53: +3 | AR53: DASRI | AS53: =IF(OR(AT53=1,AU53=1),1,0) -> 1 | AT53: 1 | AU53: 0 | AV53: =IF(OR(AW53=1,AX53),1,0) -> 0 | AW53: 0 | AX53: 0 | AY53: =IF(OR(AZ53=1),1,0) -> 0 | AZ53: 0 | BA53: =IF(OR(BB53=1),1,0) -> 0 | BB53: 0 | BC53: =IF(OR(BD53=1),1,0) -> 0 | BD53: 0 | BE53: =IF(OR(BG53=1,BF53),1,0) -> 1 | BF53: 1 | BG53: 1 | BH53: =IF(OR(BI53=1),1,0) -> 0 | BI53: 0 | BJ53: =IF(OR(BK53=1),1,0) -> 0 | BK53: 0 | BL53: 1 | BM53: Spectragene ,Virocide | BN53: 1 | BO53: 1 | BP53: Decabase
A54: FK050 | B54: =Elevage!L53 -> SAINT PIERRE / PETITE ILE | C54: =Elevage!B53 -> 46147 | D54: 0 | E54: 0 | F54: 25 | G54: 1 | H54: Dynamique | I54: Naisseur-engraisseur | J54: 400 | K54: 38 | L54: 1 | M54: 5 | N54: 2009 | O54: =2026-N54 -> 17 | P54: 0 | Q54: N.A | R54: 1 | S54: 1 | T54: Bovin | U54: 0 | V54: 1 | W54: 0 | X54: 1 | Y54: 0 | Z54: 0 | AA54: 0 | AB54: 0 | AC54: Oui | AD54: Oui | AE54: 40 | AF54: 1 | AG54: NDP, HKC | AH54: Annuelle | AI54: 1 | AJ54: 1 | AK54: 1 | AL54: 1 | AM54: 0 | AN54: 0 | AO54: 1 | AP54: Mixte | AQ54: 2 à 3 | AR54: DASRI | AS54: =IF(OR(AT54=1,AU54=1),1,0) -> 1 | AT54: 1 | AU54: 0 | AV54: =IF(OR(AW54=1,AX54),1,0) -> 0 | AW54: 0 | AX54: 0 | AY54: =IF(OR(AZ54=1),1,0) -> 0 | AZ54: 0 | BA54: =IF(OR(BB54=1),1,0) -> 0 | BB54: 0 | BC54: =IF(OR(BD54=1),1,0) -> 0 | BD54: 0 | BE54: =IF(OR(BG54=1,BF54),1,0) -> 1 | BF54: 1 | BG54: 0 | BH54: =IF(OR(BI54=1),1,0) -> 0 | BI54: 0 | BJ54: =IF(OR(BK54=1),1,0) -> 0 | BK54: 0 | BL54: 1 | BM54: Spectragene | BN54: 0 | BO54: 1 | BP54: Evoclean
A55: FK051 | B55: =Elevage!L54 -> SAINT PIERRE / PETITE ILE | C55: =Elevage!B54 -> 46147 | D55: 0 | E55: 0 | G55: 2 | H55: Dynamique | I55: Naisseur-engraisseur | J55: 450 | K55: 45 | L55: 1 | M55: 7 | N55: 1990 | O55: =2026-N55 -> 36 | P55: 0 | Q55: Eau de pluie | R55: 1 | S55: 1 | T55: Volaille | U55: 1 | V55: 0 | W55: 1 | X55: 1 | Y55: 0 | Z55: 0 | AA55: 1 | AB55: 0 | AC55: Oui | AD55: Partiel | AE55: 40 | AF55: 1 | AG55: NDP | AH55: Annuelle | AI55: 1 | AJ55: 0 | AK55: 0 | AL55: 1 | AM55: 0 | AN55: 0 | AO55: 1 | AP55: Mixte | AQ55: 2 à 3 | AR55: DASRI | AS55: =IF(OR(AT55=1,AU55=1),1,0) -> 1 | AT55: 1 | AU55: 0 | AV55: =IF(OR(AW55=1,AX55),1,0) -> 0 | AW55: 0 | AX55: 0 | AY55: =IF(OR(AZ55=1),1,0) -> 1 | AZ55: 1 | BA55: =IF(OR(BB55=1),1,0) -> 0 | BB55: 0 | BC55: =IF(OR(BD55=1),1,0) -> 0 | BD55: 0 | BE55: =IF(OR(BG55=1,BF55),1,0) -> 0 | BF55: 0 | BG55: 0 | BH55: =IF(OR(BI55=1),1,0) -> 1 | BI55: 1 | BJ55: =IF(OR(BK55=1),1,0) -> 0 | BK55: 0 | BL55: 1 | BM55: Spectragene | BN55: 0 | BO55: 1 | BP55: Lypoclean
A56: FK052 | B56: =Elevage!L55 -> SAINT JOSEPH | C56: =Elevage!B55 -> 46147 | D56: 0 | E56: 0 | F56: 26 | G56: 2 | H56: Dynamique | I56: Naisseur-engraisseur | J56: 475 | K56: 38 | L56: 1 | M56: 4 | N56: 2014 | O56: =2026-N56 -> 12 | P56: 0 | Q56: N.A | R56: 1 | S56: 1 | T56: Volaille | U56: 1 | V56: 1 | W56: 0 | X56: 0 | Y56: 0 | Z56: 0 | AA56: 0 | AB56: 0 | AC56: Oui | AD56: Oui | AE56: 40 | AF56: 1 | AG56: HKC | AH56: Annuelle | AI56: 0 | AJ56: 0 | AK56: 1 | AL56: 0 | AM56: 0 | AN56: 0 | AO56: 0 | AP56: Individuelle | AQ56: 1 | AR56: DASRI | AS56: =IF(OR(AT56=1,AU56=1),1,0) -> 1 | AT56: 1 | AU56: 0 | AV56: =IF(OR(AW56=1,AX56),1,0) -> 0 | AW56: 0 | AX56: 0 | AY56: =IF(OR(AZ56=1),1,0) -> 0 | AZ56: 0 | BA56: =IF(OR(BB56=1),1,0) -> 0 | BB56: 0 | BC56: =IF(OR(BD56=1),1,0) -> 0 | BD56: 0 | BE56: =IF(OR(BG56=1,BF56),1,0) -> 0 | BF56: 0 | BG56: 0 | BH56: =IF(OR(BI56=1),1,0) -> 0 | BI56: 0 | BJ56: =IF(OR(BK56=1),1,0) -> 0 | BK56: 0 | BL56: 1 | BM56: Spectragene | BN56: 0 | BO56: 1 | BP56: Fomax
A57: FK053 | B57: =Elevage!L56 -> LE TAMPON/PLAINE DES CAFRES | C57: =Elevage!B56 -> 46147 | D57: 0 | E57: 0 | F57: 26 | G57: 1 | H57: Statique | I57: Naisseur-engraisseur | J57: 175 | K57: 10 | L57: 2 | M57: 1 | N57: 2020 | O57: =2026-N57 -> 6 | P57: 0 | Q57: N.A | R57: 0 | S57: 0 | T57: N.A | U57: 1 | V57: 0 | W57: 0 | X57: 1 | Y57: 0 | Z57: 0 | AA57: 0 | AB57: 0 | AC57: Non | AD57: Non | AF57: 0 | AG57: N.A | AH57: Annuelle | AI57: 0 | AJ57: 0 | AK57: 0 | AL57: 0 | AM57: 0 | AN57: 0 | AO57: 0 | AP57: Individuelle | AQ57: 1 | AR57: Autre | AS57: =IF(OR(AT57=1,AU57=1),1,0) -> 0 | AT57: 0 | AU57: 0 | AV57: =IF(OR(AW57=1,AX57),1,0) -> 0 | AW57: 0 | AX57: 0 | AY57: =IF(OR(AZ57=1),1,0) -> 0 | AZ57: 0 | BA57: =IF(OR(BB57=1),1,0) -> 0 | BB57: 0 | BC57: =IF(OR(BD57=1),1,0) -> 0 | BD57: 0 | BE57: =IF(OR(BG57=1,BF57),1,0) -> 0 | BF57: 0 | BG57: 0 | BH57: =IF(OR(BI57=1),1,0) -> 0 | BI57: 0 | BJ57: =IF(OR(BK57=1),1,0) -> 1 | BK57: 1 | BL57: 0 | BM57: EAU | BN57: 0 | BO57: 0 | BP57: EAU
A58: FK054 | B58: =Elevage!L57 -> SAINT PIERRE / PETITE ILE | C58: =Elevage!B57 -> 46147 | D58: 0 | E58: 0 | F58: 29 | G58: 2 | H58: Dynamique | I58: Naisseur-engraisseur | J58: 350 | K58: 32 | L58: 1 | M58: 6 | N58: 1993 | O58: =2026-N58 -> 33 | P58: 0 | Q58: N.A | R58: 1 | S58: 0 | T58: N.A | U58: 0 | V58: 0 | W58: 0 | X58: 1 | Y58: 0 | Z58: 0 | AA58: 1 | AB58: 0 | AC58: Partiel | AD58: Partiel | AE58: 15 | AF58: 1 | AG58: NDP, HKC | AH58: occsionnelle | AI58: 0 | AJ58: 0 | AK58: 1 | AL58: 0 | AM58: 0 | AN58: 0 | AO58: 0 | AP58: Collectif | AQ58: 2 à 3 | AR58: DASRI | AS58: =IF(OR(AT58=1,AU58=1),1,0) -> 1 | AT58: 1 | AU58: 0 | AV58: =IF(OR(AW58=1,AX58),1,0) -> 0 | AW58: 0 | AX58: 0 | AY58: =IF(OR(AZ58=1),1,0) -> 1 | AZ58: 1 | BA58: =IF(OR(BB58=1),1,0) -> 0 | BB58: 0 | BC58: =IF(OR(BD58=1),1,0) -> 0 | BD58: 0 | BE58: =IF(OR(BG58=1,BF58),1,0) -> 0 | BF58: 0 | BG58: 0 | BH58: =IF(OR(BI58=1),1,0) -> 0 | BI58: 0 | BJ58: =IF(OR(BK58=1),1,0) -> 0 | BK58: 0 | BL58: 1 | BM58: Virocide | BN58: 0 | BO58: 0 | BP58: EAU
A59: FK055 | B59: =Elevage!L58 -> PLAINE DES PALMISTES/ SAINTE ANNE | C59: =Elevage!B58 -> 46148 | D59: 1 | E59: 0 | F59: 26 | G59: 1 | H59: Mixte | I59: Naisseur-engraisseur | J59: 375 | K59: 32 | L59: 1 | M59: 5 | N59: 1995 | O59: =2026-N59 -> 31 | P59: 1 | Q59: Retenue colinaire | R59: 1 | S59: 0 | T59: N.A | U59: 0 | V59: 0 | W59: 0 | X59: 1 | Y59: 0 | Z59: 0 | AA59: 1 | AB59: 0 | AC59: Non | AD59: Oui | AE59: 50 | AF59: 1 | AG59: EBE, St ROSE | AH59: Annuelle | AI59: 1 | AJ59: 1 | AK59: 1 | AL59: 1 | AM59: 0 | AN59: 0 | AO59: 1 | AP59: Mixte | AQ59: 2 à 3 | AR59: DASRI | AS59: =IF(OR(AT59=1,AU59=1),1,0) -> 1 | AT59: 1 | AU59: 0 | AV59: 1 | AW59: 0 | AX59: 0 | AY59: =IF(OR(AZ59=1),1,0) -> 1 | AZ59: 1 | BA59: =IF(OR(BB59=1),1,0) -> 0 | BB59: 0 | BC59: =IF(OR(BD59=1),1,0) -> 0 | BD59: 0 | BE59: =IF(OR(BG59=1,BF59),1,0) -> 0 | BF59: 0 | BG59: 0 | BH59: =IF(OR(BI59=1),1,0) -> 1 | BI59: 1 | BJ59: =IF(OR(BK59=1),1,0) -> 0 | BK59: 0 | BL59: 1 | BM59: Spectragene | BN59: 0 | BO59: 1 | BP59: Fomax
A60: FK056 | B60: =Elevage!L59 -> PLAINE DES PALMISTES/ SAINTE ANNE | C60: =Elevage!B59 -> 46148 | D60: 0 | E60: 0 | F60: 26 | G60: 1 | H60: Mixte | I60: Naisseur-engraisseur | J60: 350 | K60: 24 | L60: 1 | M60: 4 | N60: 1987 | O60: =2026-N60 -> 39 | P60: 1 | Q60: Retenue colinaire | R60: 1 | S60: 0 | T60: N.A | U60: 1 | V60: 0 | W60: 1 | X60: 1 | Y60: 0 | Z60: 0 | AA60: 1 | AB60: 0 | AC60: Non | AD60: Oui | AE60: 42 | AF60: 1 | AG60: EBE | AH60: Annuelle | AI60: 1 | AJ60: 1 | AK60: 1 | AL60: 1 | AM60: 0 | AN60: 0 | AO60: 0 | AP60: Individuelle | AQ60: 1 | AR60: DASRI | AS60: =IF(OR(AT60=1,AU60=1),1,0) -> 1 | AT60: 1 | AU60: 0 | AV60: =IF(OR(AW60=1,AX60),1,0) -> 0 | AW60: 0 | AX60: 0 | AY60: =IF(OR(AZ60=1),1,0) -> 1 | AZ60: 1 | BA60: =IF(OR(BB60=1),1,0) -> 0 | BB60: 0 | BC60: =IF(OR(BD60=1),1,0) -> 1 | BD60: 1 | BE60: =IF(OR(BG60=1,BF60),1,0) -> 0 | BF60: 0 | BG60: 0 | BH60: =IF(OR(BI60=1),1,0) -> 0 | BI60: 0 | BJ60: =IF(OR(BK60=1),1,0) -> 0 | BK60: 0 | BL60: 1 | BM60: TH5, Autre | BN60: 1 | BO60: 1 | BP60: Autre
A61: FK057 | B61: =Elevage!L60 -> PLAINE DES PALMISTES/ SAINTE ANNE | C61: =Elevage!B60 -> 46148 | D61: 0 | E61: 0 | F61: 23 | G61: 1 | H61: Dynamique | I61: Naisseur-engraisseur | J61: 600 | K61: 45 | L61: 1 | M61: 7 | N61: 1996 | O61: =2026-N61 -> 30 | P61: 0 | Q61: N.A | R61: 0 | S61: 1 | T61: Bovin | U61: 1 | V61: 1 | W61: 0 | X61: 1 | Y61: 0 | Z61: 0 | AA61: 1 | AB61: 0 | AC61: Partiel | AD61: Oui | AE61: 60 | AF61: 1 | AG61: Banobie, EBE | AH61: Annuelle | AI61: 0 | AJ61: 0 | AK61: 1 | AL61: 1 | AM61: 0 | AN61: 0 | AO61: 1 | AP61: Individuelle | AQ61: 1 | AR61: DASRI | AS61: =IF(OR(AT61=1,AU61=1),1,0) -> 1 | AT61: 1 | AU61: 1 | AV61: =IF(OR(AW61=1,AX61),1,0) -> 0 | AW61: 0 | AX61: 0 | AY61: =IF(OR(AZ61=1),1,0) -> 1 | AZ61: 1 | BA61: =IF(OR(BB61=1),1,0) -> 0 | BB61: 0 | BC61: =IF(OR(BD61=1),1,0) -> 0 | BD61: 0 | BE61: =IF(OR(BG61=1,BF61),1,0) -> 0 | BF61: 0 | BG61: 0 | BH61: =IF(OR(BI61=1),1,0) -> 0 | BI61: 0 | BJ61: =IF(OR(BK61=1),1,0) -> 0 | BK61: 0 | BL61: 1 | BM61: Spectragene | BN61: 0 | BO61: 1 | BP61: Fomax
A62: FK058 | B62: =Elevage!L61 -> AVIRONS/ SAINT LEU | C62: =Elevage!B61 -> 46149 | D62: 0 | E62: 0 | F62: 27 | G62: 1 | H62: Dynamique | I62: Naisseur-engraisseur | J62: 500 | K62: 32 | L62: 1 | M62: 6 | N62: 2001 | O62: =2026-N62 -> 25 | P62: 0 | Q62: N.A | R62: 1 | S62: 1 | T62: Bovin, Volaille | U62: 0 | V62: 0 | W62: 0 | X62: 1 | Y62: 0 | Z62: 0 | AA62: 1 | AB62: 0 | AC62: Oui | AD62: Oui | AE62: 49 | AF62: 1 | AG62: Francisceas | AH62: Annuelle | AI62: 1 | AJ62: 1 | AK62: 0 | AL62: 1 | AM62: 1 | AN62: 0 | AO62: 1 | AP62: Individuelle | AQ62: 2 à 3 | AR62: DASRI | AS62: =IF(OR(AT62=1,AU62=1),1,0) -> 1 | AT62: 1 | AU62: 0 | AV62: =IF(OR(AW62=1,AX62),1,0) -> 1 | AW62: 1 | AX62: 0 | AY62: =IF(OR(AZ62=1),1,0) -> 0 | AZ62: 0 | BA62: =IF(OR(BB62=1),1,0) -> 0 | BB62: 0 | BC62: =IF(OR(BD62=1),1,0) -> 1 | BD62: 1 | BE62: =IF(OR(BG62=1,BF62),1,0) -> 0 | BF62: 0 | BG62: 0 | BH62: =IF(OR(BI62=1),1,0) -> 0 | BI62: 0 | BJ62: =IF(OR(BK62=1),1,0) -> 0 | BK62: 0 | BL62: 1 | BM62: Spectragene ,Virocide | BN62: 1 | BO62: 1 | BP62: Fomax
A63: FK059 | B63: =Elevage!L62 -> AVIRONS/ SAINT LEU | C63: =Elevage!B62 -> 46149 | D63: 0 | E63: 0 | F63: 25 | G63: 1 | H63: Dynamique | I63: Naisseur-engraisseur | J63: 500 | K63: 40 | L63: 1 | M63: 7 | N63: 1998 | O63: =2026-N63 -> 28 | P63: 0 | Q63: N.A | R63: 0 | S63: 0 | T63: N.A | U63: 0 | V63: 0 | W63: 1 | X63: 0 | Y63: 0 | Z63: 0 | AA63: 0 | AB63: 0 | AC63: Non | AD63: Oui | AE63: 40 | AF63: 1 | AG63: Ferme du Bonheur | AH63: Annuelle | AI63: 0 | AJ63: 0 | AK63: 0 | AL63: 1 | AM63: 0 | AN63: 1 | AO63: 1 | AP63: Individuelle | AQ63: 1 | AR63: DASRI | AS63: =IF(OR(AT63=1,AU63=1),1,0) -> 0 | AT63: 0 | AU63: 0 | AV63: =IF(OR(AW63=1,AX63),1,0) -> 0 | AW63: 0 | AX63: 0 | AY63: =IF(OR(AZ63=1),1,0) -> 0 | AZ63: 0 | BA63: =IF(OR(BB63=1),1,0) -> 0 | BB63: 0 | BC63: =IF(OR(BD63=1),1,0) -> 0 | BD63: 0 | BE63: =IF(OR(BG63=1,BF63),1,0) -> 0 | BF63: 0 | BG63: 0 | BH63: =IF(OR(BI63=1),1,0) -> 0 | BI63: 0 | BJ63: =IF(OR(BK63=1),1,0) -> 0 | BK63: 0 | BL63: 1 | BM63: Spectragene | BN63: 0 | BO63: 1 | BP63: Decabase
A64: FK060 | B64: =Elevage!L63 -> AVIRONS/ SAINT LEU | C64: =Elevage!B63 -> 46149 | D64: 0 | E64: 0 | F64: 26 | G64: 3 | H64: Mixte | I64: Naisseur-engraisseur | J64: 400 | K64: 37 | L64: 1 | M64: 7 | N64: 1984 | O64: =2026-N64 -> 42 | P64: 0 | Q64: N.A | R64: 0 | S64: 0 | T64: N.A | U64: 0 | V64: 1 | W64: 0 | X64: 1 | Y64: 0 | Z64: 0 | AA64: 1 | AB64: 0 | AC64: Oui | AD64: Oui | AE64: 40 | AF64: 1 | AG64: NDP, Ferme du bonheur | AH64: occsionnelle | AI64: 0 | AJ64: 1 | AK64: 0 | AL64: 1 | AM64: 0 | AN64: 0 | AO64: 1 | AP64: Individuelle | AQ64: 2 à 3 | AR64: DASRI | AS64: =IF(OR(AT64=1,AU64=1),1,0) -> 1 | AT64: 1 | AU64: 0 | AV64: =IF(OR(AW64=1,AX64),1,0) -> 1 | AW64: 0 | AX64: 1 | AY64: =IF(OR(AZ64=1),1,0) -> 0 | AZ64: 0 | BA64: =IF(OR(BB64=1),1,0) -> 0 | BB64: 0 | BC64: =IF(OR(BD64=1),1,0) -> 0 | BD64: 0 | BE64: =IF(OR(BG64=1,BF64),1,0) -> 0 | BF64: 0 | BG64: 0 | BH64: =IF(OR(BI64=1),1,0) -> 0 | BI64: 0 | BJ64: =IF(OR(BK64=1),1,0) -> 0 | BK64: 0 | BL64: 1 | BM64: Spectragene | BN64: 0 | BO64: 0 | BP64: EAU
A65: FK060b | B65: =Elevage!L64 -> SALAZIE | C65: =Elevage!B64 -> 46153 | D65: 0 | E65: 0 | F65: 25 | G65: 2 | H65: Statique | I65: Naisseur-engraisseur | J65: 650 | K65: 45 | L65: 2 | M65: 7 | N65: 1990 | O65: =2026-N65 -> 36 | P65: 0 | Q65: N.A | R65: 0 | S65: 0 | T65: N.A | U65: 1 | V65: 1 | W65: 1 | X65: 0 | Y65: 0 | Z65: 0 | AA65: 1 | AB65: 0 | AC65: Partiel | AD65: Oui | AE65: 42 | AF65: 1 | AG65: Banobie | AH65: Annuelle | AI65: 0 | AJ65: 0 | AK65: 0 | AL65: 1 | AM65: 0 | AN65: 0 | AO65: 0 | AP65: Individuelle | AQ65: 2 à 3 | AR65: DASRI | AS65: =IF(OR(AT65=1,AU65=1),1,0) -> 1 | AT65: 1 | AU65: 1 | AV65: =IF(OR(AW65=1,AX65),1,0) -> 0 | AW65: 0 | AX65: 0 | AY65: =IF(OR(AZ65=1),1,0) -> 1 | AZ65: 1 | BA65: =IF(OR(BB65=1),1,0) -> 0 | BB65: 0 | BC65: =IF(OR(BD65=1),1,0) -> 1 | BD65: 1 | BE65: =IF(OR(BG65=1,BF65),1,0) -> 0 | BF65: 0 | BG65: 0 | BH65: =IF(OR(BI65=1),1,0) -> 0 | BI65: 0 | BJ65: =IF(OR(BK65=1),1,0) -> 0 | BK65: 0 | BL65: 1 | BM65: Spectragene | BN65: 0 | BO65: 1 | BP65: Fomax
A66: FK061 | B66: =Elevage!L65 -> SALAZIE | C66: =Elevage!B65 -> 46153 | D66: 0 | E66: 0 | F66: 26 | G66: 2 | H66: Dynamique | I66: Naisseur-engraisseur | J66: 300 | K66: 32 | L66: 2 | M66: 5 | N66: 1995 | O66: =2026-N66 -> 31 | P66: 0 | Q66: N.A | R66: 0 | S66: 0 | T66: N.A | U66: 0 | V66: 0 | W66: 1 | X66: 1 | Y66: 0 | Z66: 0 | AA66: 1 | AB66: 0 | AC66: Oui | AD66: Oui | AE66: 45 | AF66: 1 | AG66: Banobie | AH66: Annuelle | AI66: 1 | AJ66: 0 | AK66: 0 | AL66: 0 | AM66: 0 | AN66: 0 | AO66: 0 | AP66: Mixte | AQ66: 1 | AR66: DASRI | AS66: =IF(OR(AT66=1,AU66=1),1,0) -> 1 | AT66: 1 | AU66: 1 | AV66: =IF(OR(AW66=1,AX66),1,0) -> 1 | AW66: 0 | AX66: 1 | AY66: =IF(OR(AZ66=1),1,0) -> 1 | AZ66: 1 | BA66: =IF(OR(BB66=1),1,0) -> 0 | BB66: 0 | BC66: =IF(OR(BD66=1),1,0) -> 0 | BD66: 0 | BE66: =IF(OR(BG66=1,BF66),1,0) -> 0 | BF66: 0 | BG66: 0 | BH66: =IF(OR(BI66=1),1,0) -> 0 | BI66: 0 | BJ66: =IF(OR(BK66=1),1,0) -> 0 | BK66: 0 | BL66: 1 | BM66: Thgold | BN66: 0 | BO66: 0 | BP66: EAU
A67: FK062 | B67: =Elevage!L66 -> SALAZIE | C67: =Elevage!B66 -> 46153 | D67: 1 | E67: 0 | F67: 23 | G67: 2 | H67: Mixte | I67: Naisseur-engraisseur | J67: 500 | K67: 70 | L67: 2 | M67: 7 | N67: 1980 | O67: =2026-N67 -> 46 | P67: 0 | Q67: N.A | R67: 1 | S67: 0 | T67: N.A | U67: 0 | V67: 0 | W67: 0 | X67: 0 | Y67: 0 | Z67: 0 | AA67: 1 | AB67: 0 | AC67: Non | AD67: Oui | AE67: 0 | AF67: 1 | AG67: Eugène Provision | AH67: Annuelle | AI67: 0 | AJ67: 0 | AK67: 0 | AL67: 1 | AM67: 0 | AN67: 0 | AO67: 1 | AP67: Mixte | AQ67: 2 à 3 | AR67: DASRI | AS67: =IF(OR(AT67=1,AU67=1),1,0) -> 1 | AT67: 1 | AU67: 0 | AV67: =IF(OR(AW67=1,AX67),1,0) -> 1 | AW67: 0 | AX67: 1 | AY67: =IF(OR(AZ67=1),1,0) -> 1 | AZ67: 1 | BA67: =IF(OR(BB67=1),1,0) -> 0 | BB67: 0 | BC67: =IF(OR(BD67=1),1,0) -> 0 | BD67: 0 | BE67: =IF(OR(BG67=1,BF67),1,0) -> 0 | BF67: 0 | BG67: 0 | BH67: =IF(OR(BI67=1),1,0) -> 0 | BI67: 0 | BJ67: =IF(OR(BK67=1),1,0) -> 0 | BK67: 0 | BL67: 1 | BM67: Virocide, Hygiakill | BN67: 1 | BO67: 1 | BP67: Decabase
A68: FK063 | B68: =Elevage!L67 -> SALAZIE | C68: =Elevage!B67 -> 46153 | D68: 0 | E68: 0 | G68: 3 | H68: Statique | I68: Naisseur-engraisseur | J68: 150 | K68: 15 | L68: 2 | M68: 4 | N68: 1990 | O68: =2026-N68 -> 36 | P68: 0 | Q68: N.A | R68: 1 | S68: 1 | T68: Volaille | U68: 0 | V68: 0 | W68: 0 | X68: 0 | Y68: 0 | Z68: 0 | AA68: 1 | AB68: 0 | AC68: Oui | AD68: Non | AE68: 40 | AF68: 1 | AG68: Damour inel; Julien elisabeth | AH68: Annuelle | AI68: 1 | AJ68: 1 | AK68: 0 | AL68: 1 | AM68: 0 | AN68: 0 | AO68: 1 | AP68: Individuelle | AQ68: 2 à 3 | AR68: Autre | AS68: =IF(OR(AT68=1,AU68=1),1,0) -> 1 | AT68: 1 | AU68: 1 | AV68: =IF(OR(AW68=1,AX68),1,0) -> 1 | AW68: 1 | AX68: 1 | AY68: =IF(OR(AZ68=1),1,0) -> 1 | AZ68: 1 | BA68: =IF(OR(BB68=1),1,0) -> 0 | BB68: 0 | BC68: =IF(OR(BD68=1),1,0) -> 0 | BD68: 0 | BE68: =IF(OR(BG68=1,BF68),1,0) -> 1 | BF68: 0 | BG68: 1 | BH68: =IF(OR(BI68=1),1,0) -> 0 | BI68: 0 | BJ68: =IF(OR(BK68=1),1,0) -> 0 | BK68: 0 | BL68: 1 | BM68: G7F | BN68: 0 | BO68: 0 | BP68: EAU
A69: FK064 | B69: =Elevage!L68 -> SALAZIE | C69: =Elevage!B68 -> 46153 | D69: 0 | E69: 0 | F69: 26 | G69: 2 | H69: Mixte | I69: Naisseur-engraisseur | J69: 600 | K69: 36 | L69: 1 | M69: 6 | N69: 1991 | O69: =2026-N69 -> 35 | P69: 0 | Q69: N.A | R69: 1 | S69: 1 | T69: Volaille | U69: 0 | V69: 0 | W69: 0 | X69: 0 | Y69: 0 | Z69: 0 | AA69: 1 | AB69: 0 | AC69: Oui | AD69: Non | AE69: 40 | AF69: 1 | AG69: Banobie | AH69: Annuelle | AI69: 0 | AJ69: 1 | AK69: 0 | AL69: 1 | AM69: 0 | AN69: 0 | AO69: 1 | AP69: Collectif | AQ69: 1 | AR69: DASRI | AS69: =IF(OR(AT69=1,AU69=1),1,0) -> 1 | AT69: 1 | AU69: 0 | AV69: =IF(OR(AW69=1,AX69),1,0) -> 1 | AW69: 0 | AX69: 1 | AY69: =IF(OR(AZ69=1),1,0) -> 0 | AZ69: 0 | BA69: =IF(OR(BB69=1),1,0) -> 0 | BB69: 0 | BC69: =IF(OR(BD69=1),1,0) -> 0 | BD69: 0 | BE69: =IF(OR(BG69=1,BF69),1,0) -> 0 | BF69: 0 | BG69: 0 | BH69: =IF(OR(BI69=1),1,0) -> 0 | BI69: 0 | BJ69: =IF(OR(BK69=1),1,0) -> 0 | BK69: 0 | BL69: 1 | BM69: Autre | BN69: 0 | BO69: 1 | BP69: Fomax
A70: FK065 | B70: =Elevage!L69 -> SALAZIE | C70: =Elevage!B69 -> 46154 | D70: 0 | E70: 0 | F70: 26 | G70: 1 | H70: Mixte | I70: Naisseur-engraisseur | J70: 200 | K70: 22 | L70: 2 | M70: 7 | N70: 1990 | O70: =2026-N70 -> 36 | P70: 0 | Q70: N.A | R70: 1 | S70: 0 | T70: N.A | U70: 0 | V70: 0 | W70: 0 | X70: 1 | Y70: 0 | Z70: 0 | AA70: 1 | AB70: 0 | AC70: Non | AD70: Oui | AF70: 0 | AG70: N.A | AH70: Annuelle | AI70: 1 | AJ70: 0 | AK70: 0 | AL70: 0 | AM70: 0 | AN70: 0 | AO70: 1 | AP70: Collectif | AQ70: 2 à 3 | AR70: DASRI | AS70: =IF(OR(AT70=1,AU70=1),1,0) -> 1 | AT70: 1 | AU70: 0 | AV70: =IF(OR(AW70=1,AX70),1,0) -> 0 | AW70: 0 | AX70: 0 | AY70: =IF(OR(AZ70=1),1,0) -> 0 | AZ70: 0 | BA70: =IF(OR(BB70=1),1,0) -> 0 | BB70: 0 | BC70: =IF(OR(BD70=1),1,0) -> 0 | BD70: 0 | BE70: =IF(OR(BG70=1,BF70),1,0) -> 1 | BF70: 0 | BG70: 1 | BH70: =IF(OR(BI70=1),1,0) -> 1 | BI70: 1 | BJ70: =IF(OR(BK70=1),1,0) -> 0 | BK70: 0 | BL70: 1 | BM70: Spectragene, Halamid | BN70: 1 | BO70: 1 | BP70: Decabase
A71: FK066 | B71: =Elevage!L70 -> SALAZIE | C71: =Elevage!B70 -> 46154 | D71: 0 | E71: 0 | F71: 29 | G71: 4 | H71: Statique | I71: Naisseur-engraisseur | J71: 550 | K71: 38 | L71: 1 | M71: 7 | N71: 1992 | O71: =2026-N71 -> 34 | P71: 0 | Q71: N.A | R71: 1 | S71: 1 | T71: Volaille | U71: 0 | V71: 0 | W71: 0 | X71: 0 | Y71: 0 | Z71: 0 | AA71: 1 | AB71: 0 | AC71: Oui | AD71: Oui | AE71: 40 | AF71: 1 | AG71: Banobie | AH71: Annuelle | AI71: 0 | AJ71: 1 | AK71: 0 | AL71: 1 | AM71: 0 | AN71: 0 | AO71: 0 | AP71: Mixte | AQ71: 1 | AR71: DASRI | AS71: =IF(OR(AT71=1,AU71=1),1,0) -> 1 | AT71: 1 | AU71: 1 | AV71: =IF(OR(AW71=1,AX71),1,0) -> 0 | AW71: 0 | AX71: 0 | AY71: =IF(OR(AZ71=1),1,0) -> 1 | AZ71: 1 | BA71: =IF(OR(BB71=1),1,0) -> 0 | BB71: 0 | BC71: =IF(OR(BD71=1),1,0) -> 0 | BD71: 0 | BE71: =IF(OR(BG71=1,BF71),1,0) -> 0 | BF71: 0 | BG71: 0 | BH71: =IF(OR(BI71=1),1,0) -> 0 | BI71: 0 | BJ71: =IF(OR(BK71=1),1,0) -> 0 | BK71: 0 | BL71: 1 | BM71: Spectragene | BN71: 0 | BO71: 1 | BP71: Pharmacox
A72: FK067 | B72: =Elevage!L71 -> SALAZIE | C72: =Elevage!B71 -> 46154 | D72: 0 | E72: 0 | G72: 2 | H72: Mixte | I72: Naisseur-engraisseur | J72: 375 | K72: 32 | L72: 1 | M72: 4 | N72: 1990 | O72: =2026-N72 -> 36 | P72: 0 | Q72: N.A | R72: 1 | S72: 1 | T72: Volaille | U72: 0 | V72: 0 | W72: 0 | X72: 1 | Y72: 0 | Z72: 0 | AA72: 1 | AB72: 0 | AC72: Non | AD72: Oui | AE72: 35 | AF72: 1 | AG72: Banobie | AH72: Annuelle | AI72: 1 | AJ72: 1 | AK72: 1 | AL72: 0 | AM72: 0 | AN72: 0 | AO72: 1 | AP72: Individuelle | AQ72: 2 à 3 | AR72: DASRI | AS72: =IF(OR(AT72=1,AU72=1),1,0) -> 1 | AT72: 1 | AU72: 0 | AV72: =IF(OR(AW72=1,AX72),1,0) -> 1 | AW72: 0 | AX72: 1 | AY72: =IF(OR(AZ72=1),1,0) -> 0 | AZ72: 0 | BA72: =IF(OR(BB72=1),1,0) -> 0 | BB72: 0 | BC72: =IF(OR(BD72=1),1,0) -> 0 | BD72: 0 | BE72: =IF(OR(BG72=1,BF72),1,0) -> 0 | BF72: 0 | BG72: 0 | BH72: =IF(OR(BI72=1),1,0) -> 0 | BI72: 0 | BJ72: =IF(OR(BK72=1),1,0) -> 0 | BK72: 0 | BL72: 1 | BM72: Spectragene | BN72: 0 | BO72: 0 | BP72: EAU
A73: FK068 | B73: =Elevage!L72 -> SALAZIE | C73: =Elevage!B72 -> 46154 | D73: 1 | E73: 1 | F73: 25 | G73: 2 | H73: Dynamique | I73: Naisseur-engraisseur | J73: 700 | K73: 60 | L73: 1 | M73: 7 | N73: 1990 | O73: =2026-N73 -> 36 | P73: 1 | Q73: Ravine | R73: 1 | S73: 1 | T73: Volaille | U73: 0 | V73: 0 | W73: 1 | X73: 0 | Y73: 0 | Z73: 0 | AA73: 1 | AB73: 0 | AC73: Oui | AD73: Oui | AE73: 40 | AF73: 1 | AG73: Banobie | AH73: Annuelle | AI73: 0 | AJ73: 1 | AK73: 1 | AL73: 0 | AM73: 0 | AN73: 0 | AO73: 1 | AP73: Individuelle | AQ73: 2 à 3 | AR73: DASRI | AS73: =IF(OR(AT73=1,AU73=1),1,0) -> 1 | AT73: 1 | AU73: 0 | AV73: =IF(OR(AW73=1,AX73),1,0) -> 1 | AW73: 0 | AX73: 1 | AY73: =IF(OR(AZ73=1),1,0) -> 1 | AZ73: 1 | BA73: =IF(OR(BB73=1),1,0) -> 0 | BB73: 0 | BC73: =IF(OR(BD73=1),1,0) -> 0 | BD73: 0 | BE73: =IF(OR(BG73=1,BF73),1,0) -> 0 | BF73: 0 | BG73: 0 | BH73: =IF(OR(BI73=1),1,0) -> 0 | BI73: 0 | BJ73: =IF(OR(BK73=1),1,0) -> 0 | BK73: 0 | BL73: 1 | BM73: Spectragene,Vircon | BN73: 1 | BO73: 0 | BP73: Decabase
A74: FK069 | B74: =Elevage!L73 -> SALAZIE | C74: =Elevage!B73 -> 46154 | D74: 0 | E74: 0 | F74: 24 | G74: 2 | H74: Mixte | I74: Naisseur-engraisseur | J74: 300 | K74: 32 | L74: 1 | M74: 5 | N74: 1980 | O74: =2026-N74 -> 46 | P74: 0 | Q74: N.A | R74: 1 | S74: 1 | T74: Volaille | U74: 0 | V74: 0 | W74: 0 | X74: 0 | Y74: 0 | Z74: 0 | AA74: 1 | AB74: 0 | AC74: Partiel | AD74: Oui | AE74: 40 | AF74: 1 | AG74: Melosie, Banobie | AH74: Annuelle | AI74: 1 | AJ74: 1 | AK74: 0 | AL74: 0 | AM74: 0 | AN74: 0 | AO74: 0 | AP74: Individuelle | AQ74: 2 à 3 | AR74: DASRI | AS74: =IF(OR(AT74=1,AU74=1),1,0) -> 1 | AT74: 1 | AU74: 0 | AV74: =IF(OR(AW74=1,AX74),1,0) -> 1 | AW74: 1 | AX74: 0 | AY74: =IF(OR(AZ74=1),1,0) -> 0 | AZ74: 0 | BA74: 1 | BB74: 0 | BC74: =IF(OR(BD74=1),1,0) -> 0 | BD74: 0 | BE74: =IF(OR(BG74=1,BF74),1,0) -> 1 | BF74: 0 | BG74: 1 | BH74: =IF(OR(BI74=1),1,0) -> 0 | BI74: 0 | BJ74: =IF(OR(BK74=1),1,0) -> 0 | BK74: 0 | BL74: 1 | BM74: Spectragene,Vircon,Vulcan, Cid20 | BN74: 1 | BO74: 1 | BP74: Lypoclean
A75: FK070 | B75: =Elevage!L74 -> SALAZIE | C75: =Elevage!B74 -> 46154 | D75: 0 | E75: 0 | F75: 18 | G75: 2 | H75: Statique | I75: Naisseur-engraisseur | J75: 600 | K75: 50 | L75: 3 | M75: 5 | N75: 1990 | O75: =2026-N75 -> 36 | P75: 0 | Q75: N.A | R75: 0 | S75: 1 | T75: Volaille | U75: 0 | V75: 0 | W75: 0 | X75: 0 | Y75: 0 | Z75: 0 | AA75: 1 | AB75: 0 | AC75: Oui | AD75: Oui | AF75: 0 | AG75: N.A | AH75: Annuelle | AI75: 1 | AJ75: 1 | AK75: 0 | AL75: 0 | AM75: 0 | AN75: 0 | AO75: 1 | AP75: Collectif | AQ75: +3 | AR75: DASRI | AS75: =IF(OR(AT75=1,AU75=1),1,0) -> 1 | AT75: 1 | AU75: 0 | AV75: =IF(OR(AW75=1,AX75),1,0) -> 1 | AW75: 0 | AX75: 1 | AY75: =IF(OR(AZ75=1),1,0) -> 1 | AZ75: 1 | BA75: =IF(OR(BB75=1),1,0) -> 0 | BB75: 0 | BC75: =IF(OR(BD75=1),1,0) -> 0 | BD75: 0 | BE75: =IF(OR(BG75=1,BF75),1,0) -> 0 | BF75: 0 | BG75: 0 | BH75: =IF(OR(BI75=1),1,0) -> 0 | BI75: 0 | BJ75: =IF(OR(BK75=1),1,0) -> 0 | BK75: 0 | BL75: 1 | BM75: Hygiakill, Halamid | BN75: 0 | BO75: 0 | BP75: EAU
A76: FK071 | B76: =Elevage!L75 -> SALAZIE | C76: =Elevage!B75 -> 46154 | D76: 0 | E76: 0 | F76: 24 | G76: 2 | H76: Mixte | I76: Naisseur-engraisseur | J76: 350 | K76: 32 | L76: 2 | M76: 6 | N76: 1990 | O76: =2026-N76 -> 36 | P76: 0 | Q76: N.A | R76: 1 | S76: 1 | T76: Volaille | U76: 0 | V76: 1 | W76: 1 | X76: 1 | Y76: 1 | Z76: 0 | AA76: 0 | AB76: 0 | AC76: Oui | AD76: Oui | AE76: 40 | AF76: 1 | AG76: Melosie | AH76: Annuelle | AI76: 0 | AJ76: 1 | AK76: 0 | AL76: 0 | AM76: 0 | AN76: 0 | AO76: 0 | AP76: Individuelle | AQ76: 2 à 3 | AR76: DASRI | AS76: =IF(OR(AT76=1,AU76=1),1,0) -> 1 | AT76: 1 | AU76: 0 | AV76: =IF(OR(AW76=1,AX76),1,0) -> 0 | AW76: 0 | AX76: 0 | AY76: =IF(OR(AZ76=1),1,0) -> 0 | AZ76: 0 | BA76: =IF(OR(BB76=1),1,0) -> 0 | BB76: 0 | BC76: =IF(OR(BD76=1),1,0) -> 0 | BD76: 0 | BE76: =IF(OR(BG76=1,BF76),1,0) -> 1 | BF76: 1 | BG76: 1 | BH76: =IF(OR(BI76=1),1,0) -> 0 | BI76: 0 | BJ76: =IF(OR(BK76=1),1,0) -> 0 | BK76: 0 | BL76: 1 | BM76: Spectragene, G7F | BN76: 1 | BO76: 1 | BP76: Decabase
A77: FK072 | B77: =Elevage!L76 -> SALAZIE | C77: =Elevage!B76 -> 46155 | D77: 0 | E77: 0 | F77: 25 | G77: 2 | H77: Mixte | I77: Naisseur-engraisseur | J77: 550 | K77: 38 | L77: 1 | M77: 6 | N77: 1980 | O77: =2026-N77 -> 46 | P77: 0 | Q77: N.A | R77: 1 | S77: 1 | T77: Volaille | U77: 0 | V77: 0 | W77: 1 | X77: 1 | Y77: 0 | Z77: 0 | AA77: 1 | AB77: 0 | AC77: Non | AD77: Partiel | AE77: 30 | AF77: 1 | AG77: Melosie, Banobie | AH77: Annuelle | AI77: 1 | AJ77: 0 | AK77: 0 | AL77: 1 | AM77: 0 | AN77: 0 | AO77: 1 | AP77: Individuelle | AQ77: 1 | AR77: DASRI | AS77: =IF(OR(AT77=1,AU77=1),1,0) -> 1 | AT77: 1 | AU77: 0 | AV77: =IF(OR(AW77=1,AX77),1,0) -> 1 | AW77: 1 | AX77: 1 | AY77: =IF(OR(AZ77=1),1,0) -> 0 | AZ77: 0 | BA77: =IF(OR(BB77=1),1,0) -> 0 | BB77: 0 | BC77: =IF(OR(BD77=1),1,0) -> 0 | BD77: 0 | BE77: =IF(OR(BG77=1,BF77),1,0) -> 0 | BF77: 0 | BG77: 0 | BH77: =IF(OR(BI77=1),1,0) -> 0 | BI77: 0 | BJ77: =IF(OR(BK77=1),1,0) -> 0 | BK77: 0 | BL77: 1 | BM77: TH5,Mephysto, Vulcan, Spectragene | BN77: 1 | BO77: 1 | BP77: Fomax
A78: FK073 | B78: =Elevage!L77 -> SALAZIE | C78: =Elevage!B77 -> 46155 | D78: 0 | E78: 0 | F78: 24 | G78: 3 | H78: Mixte | I78: Naisseur-engraisseur | J78: 300 | K78: 38 | L78: 1 | M78: 7 | N78: 1980 | O78: =2026-N78 -> 46 | P78: 1 | Q78: Captage | R78: 1 | S78: 0 | T78: N.A | U78: 0 | V78: 0 | W78: 0 | X78: 1 | Y78: 0 | Z78: 0 | AA78: 1 | AB78: 0 | AC78: Partiel | AD78: Oui | AE78: 40 | AF78: 1 | AG78: Melosie, Banobie | AH78: Annuelle | AI78: 1 | AJ78: 1 | AK78: 0 | AL78: 0 | AM78: 0 | AN78: 0 | AO78: 1 | AP78: Individuelle | AQ78: 2 à 3 | AR78: DASRI | AS78: =IF(OR(AT78=1,AU78=1),1,0) -> 1 | AT78: 1 | AU78: 0 | AV78: =IF(OR(AW78=1,AX78),1,0) -> 0 | AW78: 0 | AX78: 0 | AY78: =IF(OR(AZ78=1),1,0) -> 1 | AZ78: 1 | BA78: =IF(OR(BB78=1),1,0) -> 0 | BB78: 0 | BC78: =IF(OR(BD78=1),1,0) -> 0 | BD78: 0 | BE78: =IF(OR(BG78=1,BF78),1,0) -> 0 | BF78: 0 | BG78: 0 | BH78: =IF(OR(BI78=1),1,0) -> 0 | BI78: 0 | BJ78: =IF(OR(BK78=1),1,0) -> 0 | BK78: 0 | BL78: 1 | BM78: Vircon, Mephysto | BN78: 1 | BO78: 0 | BP78: EAU
A79: FK074 | B79: =Elevage!L78 -> SALAZIE | C79: =Elevage!B78 -> 46155 | D79: 0 | E79: 0 | F79: 37 | G79: 1 | H79: Mixte | I79: Naisseur-engraisseur | J79: 450 | K79: 42 | L79: 3 | M79: 7 | N79: 1990 | O79: =2026-N79 -> 36 | P79: 0 | Q79: N.A | R79: 1 | S79: 1 | T79: Volaille | U79: 0 | V79: 0 | W79: 0 | X79: 0 | Y79: 0 | Z79: 0 | AA79: 1 | AB79: 0 | AC79: Non | AD79: Oui | AF79: 0 | AG79: N.A | AH79: Annuelle | AI79: 0 | AJ79: 0 | AK79: 1 | AL79: 1 | AM79: 0 | AN79: 0 | AO79: 0 | AP79: Individuelle | AQ79: 1 | AR79: DASRI | AS79: =IF(OR(AT79=1,AU79=1),1,0) -> 1 | AT79: 1 | AU79: 0 | AV79: =IF(OR(AW79=1,AX79),1,0) -> 0 | AW79: 0 | AX79: 0 | AY79: =IF(OR(AZ79=1),1,0) -> 0 | AZ79: 0 | BA79: =IF(OR(BB79=1),1,0) -> 0 | BB79: 0 | BC79: =IF(OR(BD79=1),1,0) -> 0 | BD79: 0 | BE79: =IF(OR(BG79=1,BF79),1,0) -> 0 | BF79: 0 | BG79: 0 | BH79: =IF(OR(BI79=1),1,0) -> 0 | BI79: 0 | BJ79: =IF(OR(BK79=1),1,0) -> 0 | BK79: 0 | BL79: 1 | BM79: G5F, Vircon | BN79: 1 | BO79: 1 | BP79: Decabase
A80: FK075 | B80: =Elevage!L79 -> LE TAMPON/PLAINE DES CAFRES | C80: =Elevage!B79 -> 46141 | D80: 0 | E80: 0 | G80: 1 | H80: Dynamique | I80: Multiplicateur | J80: 600 | K80: 52 | N80: 1999 | O80: =2026-N80 -> 27 | P80: 0 | Q80: N.A | R80: 1 | S80: 0 | U80: 1 | V80: 0 | W80: 1 | X80: 0 | Y80: 0 | Z80: 0 | AA80: 0 | AB80: 0 | AC80: Partiel | AD80: Oui | AE80: 42 | AF80: 1 | AG80: Grondin Jeanick | AH80: Frequente | AI80: 0 | AJ80: 1 | AK80: 0 | AL80: 1 | AM80: 0 | AN80: 0 | AO80: 0 | AQ80: 2 à 3 | AR80: DASRI | AS80: =IF(OR(AT80=1,AU80=1),1,0) -> 1 | AT80: 1 | AU80: 0 | AV80: =IF(OR(AW80=1,AX80),1,0) -> 1 | AW80: 0 | AX80: 1 | AY80: =IF(OR(AZ80=1),1,0) -> 0 | AZ80: 0 | BA80: =IF(OR(BB80=1),1,0) -> 0 | BB80: 0 | BC80: =IF(OR(BD80=1),1,0) -> 0 | BD80: 0 | BE80: =IF(OR(BG80=1,BF80),1,0) -> 0 | BF80: 0 | BG80: 0 | BH80: =IF(OR(BI80=1),1,0) -> 0 | BI80: 0 | BJ80: =IF(OR(BK80=1),1,0) -> 0 | BK80: 0 | BL80: 1 | BM80: Spectragene, Farmacox | BN80: 1 | BO80: 1 | BP80: Decabase
A81: FK076 | B81: =Elevage!L81 -> LE TAMPON/PLAINE DES CAFRES | C81: =Elevage!B81 -> 46141 | D81: 0 | E81: 0 | G81: 1 | H81: Mixte | I81: Multiplicateur | J81: 500 | K81: 53 | N81: 1995 | O81: =2026-N81 -> 31 | P81: 0 | Q81: N.A | R81: 0 | S81: 1 | T81: Bovin, Volaille | U81: 1 | V81: 0 | W81: 1 | X81: 0 | Y81: 0 | Z81: 0 | AA81: 0 | AB81: 0 | AC81: Non | AD81: Oui | AE81: 42 | AF81: 1 | AG81: Grondin Jeanick | AH81: Frequente | AI81: 0 | AJ81: 1 | AK81: 0 | AL81: 1 | AM81: 0 | AN81: 0 | AO81: 0 | AP81: Mixte | AQ81: 2 à 3 | AR81: DASRI | AS81: =IF(OR(AT81=1,AU81=1),1,0) -> 1 | AT81: 1 | AU81: 0 | AV81: =IF(OR(AW81=1,AX81),1,0) -> 1 | AW81: 0 | AX81: 1 | AY81: =IF(OR(AZ81=1),1,0) -> 0 | AZ81: 0 | BA81: =IF(OR(BB81=1),1,0) -> 0 | BB81: 0 | BC81: =IF(OR(BD81=1),1,0) -> 0 | BD81: 0 | BE81: =IF(OR(BG81=1,BF81),1,0) -> 1 | BF81: 0 | BG81: 1 | BH81: =IF(OR(BI81=1),1,0) -> 0 | BI81: 0 | BJ81: =IF(OR(BK81=1),1,0) -> 0 | BK81: 0 | BL81: 1 | BM81: Spectragene | BN81: 0 | BO81: 1 | BP81: Decabase
A82: FK077 | B82: =Elevage!L82 -> SAINT ANDRE / SAINT BENOIT | C82: =Elevage!B82 -> 46148 | D82: 0 | E82: 0 | F82: 26 | G82: 3 | H82: Mixte | I82: Multiplicateur | J82: 2000 | K82: 250 | M82: 21 | N82: 1990 | O82: =2026-N82 -> 36 | P82: 0 | Q82: Bassin de rétention | R82: 0 | S82: 1 | T82: Bovin | U82: 0 | V82: 0 | W82: 0 | X82: 0 | Y82: 0 | Z82: 0 | AA82: 0 | AB82: 0 | AC82: Non | AD82: Oui | AE82: 42 | AF82: 1 | AG82: EBE | AH82: occsionnelle | AI82: 1 | AJ82: 0 | AK82: 1 | AL82: 1 | AM82: 0 | AN82: 0 | AO82: 0 | AP82: Mixte | AQ82: 2 à 3 | AR82: DASRI | AS82: =IF(OR(AT82=1,AU82=1),1,0) -> 1 | AT82: 1 | AU82: 0 | AV82: =IF(OR(AW82=1,AX82),1,0) -> 0 | AW82: 0 | AX82: 0 | AY82: =IF(OR(AZ82=1),1,0) -> 1 | AZ82: 1 | BA82: =IF(OR(BB82=1),1,0) -> 0 | BB82: 0 | BC82: =IF(OR(BD82=1),1,0) -> 0 | BD82: 0 | BE82: =IF(OR(BG82=1,BF82),1,0) -> 0 | BF82: 0 | BG82: 0 | BH82: =IF(OR(BI82=1),1,0) -> 0 | BI82: 0 | BJ82: =IF(OR(BK82=1),1,0) -> 0 | BK82: 0 | BL82: 1 | BM82: Spectragene | BN82: 0 | BO82: 1 | BP82: Decabase
A83: FK078 | B83: =Elevage!L83 -> SAINT JOSEPH | C83: =Elevage!B83 -> 46157 | D83: 1 | E83: 0 | G83: 2 | H83: Dynamique | I83: Multiplicateur | J83: 1500 | K83: 150 | M83: 5 | N83: 1995 | O83: =2026-N83 -> 31 | P83: 0 | Q83: N.A | R83: 0 | S83: 1 | T83: Bovin | U83: 1 | V83: 0 | W83: 0 | X83: 1 | Y83: 0 | Z83: 0 | AA83: 0 | AB83: 0 | AC83: Non | AD83: Oui | AF83: 0 | AG83: N.A | AH83: Frequente | AI83: 1 | AJ83: 0 | AK83: 0 | AL83: 1 | AM83: 0 | AN83: 0 | AO83: 0 | AP83: Mixte | AQ83: 2 à 3 | AR83: DASRI | AS83: =IF(OR(AT83=1,AU83=1),1,0) -> 1 | AT83: 1 | AU83: 0 | AV83: =IF(OR(AW83=1,AX83),1,0) -> 0 | AW83: 0 | AX83: 0 | AY83: =IF(OR(AZ83=1),1,0) -> 0 | AZ83: 0 | BA83: =IF(OR(BB83=1),1,0) -> 0 | BB83: 0 | BC83: =IF(OR(BD83=1),1,0) -> 0 | BD83: 0 | BE83: =IF(OR(BG83=1,BF83),1,0) -> 0 | BF83: 0 | BG83: 0 | BH83: =IF(OR(BI83=1),1,0) -> 0 | BI83: 0 | BJ83: =IF(OR(BK83=1),1,0) -> 0 | BK83: 0 | BL83: 1 | BM83: Evogerme, Farmacox, Halamid | BN83: 1 | BO83: 1 | BP83: Evoclean
A84: FK079 | B84: =Elevage!L84 -> SAINT PIERRE / PETITE ILE | C84: =Elevage!B84 -> 46147 | D84: 0 | E84: 0 | G84: 3 | H84: Mixte | I84: Multiplicateur | J84: 550 | K84: 60 | M84: 4 | N84: 1992 | O84: =2026-N84 -> 34 | P84: 0 | Q84: N.A | R84: 0 | S84: 1 | T84: Bovin, Volaille | U84: 0 | V84: 0 | W84: 0 | X84: 0 | Y84: 0 | Z84: 0 | AA84: 0 | AB84: 1 | AC84: Non | AD84: Oui | AE84: 42 | AF84: 1 | AG84: Grondin Jeanick | AH84: Frequente | AI84: 1 | AJ84: 1 | AK84: 0 | AL84: 0 | AM84: 0 | AN84: 0 | AO84: 0 | AP84: Mixte | AQ84: 1 | AR84: DASRI | AS84: =IF(OR(AT84=1,AU84=1),1,0) -> 0 | AT84: 0 | AU84: 0 | AV84: =IF(OR(AW84=1,AX84),1,0) -> 0 | AW84: 0 | AX84: 0 | AY84: =IF(OR(AZ84=1),1,0) -> 0 | AZ84: 0 | BA84: =IF(OR(BB84=1),1,0) -> 0 | BB84: 0 | BC84: =IF(OR(BD84=1),1,0) -> 0 | BD84: 0 | BE84: =IF(OR(BG84=1,BF84),1,0) -> 1 | BF84: 0 | BG84: 1 | BH84: =IF(OR(BI84=1),1,0) -> 0 | BI84: 0 | BJ84: =IF(OR(BK84=1),1,0) -> 0 | BK84: 0 | BL84: 1 | BM84: Spectragene | BN84: 0 | BO84: 1 | BP84: Decabase
A85: FK080 | B85: =Elevage!L85 -> PLAINE DES PALMISTES/ SAINTE ANNE | C85: =Elevage!B85 -> 46148 | D85: 0 | E85: 0 | G85: 2 | H85: Mixte | I85: Multiplicateur | J85: 500 | N85: 1999 | O85: =2026-N85 -> 27 | P85: 0 | Q85: N.A | R85: 0 | S85: 1 | T85: Bovin | U85: 0 | V85: 0 | W85: 0 | X85: 0 | Y85: 0 | Z85: 0 | AA85: 0 | AB85: 0 | AC85: Partiel | AD85: Oui | AE85: 42 | AF85: 1 | AG85: Grondin Jeanick | AH85: Frequente | AI85: 0 | AJ85: 0 | AK85: 0 | AL85: 1 | AM85: 0 | AN85: 0 | AO85: 0 | AP85: Individuelle | AQ85: 2 à 3 | AR85: DASRI | AS85: =IF(OR(AT85=1,AU85=1),1,0) -> 1 | AT85: 1 | AU85: 0 | AV85: =IF(OR(AW85=1,AX85),1,0) -> 0 | AW85: 0 | AX85: 0 | AY85: =IF(OR(AZ85=1),1,0) -> 0 | AZ85: 0 | BA85: =IF(OR(BB85=1),1,0) -> 0 | BB85: 0 | BC85: =IF(OR(BD85=1),1,0) -> 0 | BD85: 0 | BE85: =IF(OR(BG85=1,BF85),1,0) -> 0 | BF85: 0 | BG85: 0 | BH85: =IF(OR(BI85=1),1,0) -> 0 | BI85: 0 | BJ85: =IF(OR(BK85=1),1,0) -> 0 | BK85: 0 | BL85: 1 | BM85: Spectragene, Evogerme | BN85: 1 | BO85: 1 | BP85: Decabase, Evoclean
A86: FK081 | B86: =Elevage!L86 -> SAINT JOSEPH | C86: =Elevage!B86 -> 46147 | D86: 0 | E86: 0 | G86: 2 | H86: Mixte | I86: Multiplicateur | J86: 650 | K86: 60 | M86: 7 | N86: 2000 | O86: =2026-N86 -> 26 | P86: 0 | Q86: N.A | R86: 0 | S86: 0 | T86: N.A | U86: 0 | V86: 0 | W86: 0 | X86: 0 | Y86: 0 | Z86: 0 | AA86: 0 | AB86: 0 | AC86: Oui | AD86: Oui | AE86: 42 | AF86: 0 | AG86: N.A | AH86: Frequente | AI86: 1 | AJ86: 1 | AK86: 0 | AL86: 1 | AM86: 0 | AN86: 0 | AO86: 0 | AP86: Mixte | AQ86: 2 à 3 | AR86: DASRI | AS86: =IF(OR(AT86=1,AU86=1),1,0) -> 1 | AT86: 1 | AU86: 0 | AV86: =IF(OR(AW86=1,AX86),1,0) -> 0 | AW86: 0 | AX86: 0 | AY86: =IF(OR(AZ86=1),1,0) -> 0 | AZ86: 0 | BA86: =IF(OR(BB86=1),1,0) -> 0 | BB86: 0 | BC86: =IF(OR(BD86=1),1,0) -> 0 | BD86: 0 | BE86: =IF(OR(BG86=1,BF86),1,0) -> 1 | BF86: 1 | BG86: 1 | BH86: =IF(OR(BI86=1),1,0) -> 0 | BI86: 0 | BJ86: =IF(OR(BK86=1),1,0) -> 0 | BK86: 0 | BL86: 1 | BM86: Spectragene, Farmacox | BN86: 1 | BO86: 1 | BP86: Decabase
A87: FK082 | B87: =Elevage!L87 -> SAINT PIERRE / PETITE ILE | C87: =Elevage!B87 -> 46169 | D87: 0 | E87: 0 | G87: 2 | H87: Dynamique | I87: Multiplicateur | J87: 500 | K87: 42 | M87: 6 | N87: 2017 | O87: =2026-N87 -> 9 | P87: 0 | Q87: N.A | R87: 0 | S87: 0 | T87: N.A | U87: 0 | V87: 0 | W87: 0 | X87: 0 | Y87: 0 | Z87: 0 | AA87: 0 | AB87: 0 | AC87: Oui | AD87: Oui | AE87: 42 | AF87: 1 | AG87: Grondin Jeanick | AH87: Frequente | AI87: 0 | AJ87: 0 | AK87: 0 | AL87: 1 | AM87: 0 | AN87: 0 | AO87: 0 | AP87: Individuelle | AQ87: 1 | AR87: DASRI | AS87: =IF(OR(AT87=1,AU87=1),1,0) -> 1 | AT87: 1 | AU87: 0 | AV87: =IF(OR(AW87=1,AX87),1,0) -> 0 | AW87: 0 | AX87: 0 | AY87: =IF(OR(AZ87=1),1,0) -> 0 | AZ87: 0 | BA87: =IF(OR(BB87=1),1,0) -> 0 | BB87: 0 | BC87: =IF(OR(BD87=1),1,0) -> 0 | BD87: 0 | BE87: =IF(OR(BG87=1,BF87),1,0) -> 0 | BF87: 0 | BG87: 0 | BH87: =IF(OR(BI87=1),1,0) -> 0 | BI87: 0 | BJ87: =IF(OR(BK87=1),1,0) -> 0 | BK87: 0 | BL87: 1 | BM87: Spectragene, Farmacox, Evogerme | BN87: 1 | BO87: 1 | BP87: Evoclean
A88: FK083 | B88: =Elevage!L88 -> SAINT PIERRE / PETITE ILE | C88: =Elevage!B88 -> 46169 | D88: 0 | E88: 0 | G88: 3 | H88: Mixte | I88: Multiplicateur | J88: 750 | K88: 75 | M88: 7 | N88: 1995 | O88: =2026-N88 -> 31 | P88: 0 | Q88: N.A | R88: 0 | S88: 0 | T88: N.A | U88: 0 | V88: 0 | W88: 0 | X88: 0 | Y88: 0 | Z88: 0 | AA88: 0 | AB88: 0 | AC88: Partiel | AD88: Oui | AE88: 42 | AF88: 1 | AG88: Grondin Jeanick | AH88: Frequente | AI88: 1 | AJ88: 0 | AK88: 1 | AL88: 1 | AM88: 0 | AN88: 0 | AO88: 0 | AP88: Mixte | AQ88: 1 | AR88: DASRI | AS88: =IF(OR(AT88=1,AU88=1),1,0) -> 1 | AT88: 1 | AU88: 1 | AV88: =IF(OR(AW88=1,AX88),1,0) -> 0 | AW88: 0 | AX88: 0 | AY88: =IF(OR(AZ88=1),1,0) -> 0 | AZ88: 0 | BA88: =IF(OR(BB88=1),1,0) -> 0 | BB88: 0 | BC88: =IF(OR(BD88=1),1,0) -> 0 | BD88: 0 | BE88: =IF(OR(BG88=1,BF88),1,0) -> 0 | BF88: 0 | BG88: 0 | BH88: =IF(OR(BI88=1),1,0) -> 0 | BI88: 0 | BJ88: =IF(OR(BK88=1),1,0) -> 0 | BK88: 0 | BL88: 1 | BM88: Spectragene, Farmacox | BN88: 1 | BO88: 1 | BP88: Decabase
A89: FK084 | B89: =Elevage!L89 -> PLAINE DES PALMISTES/ SAINTE ANNE | C89: =Elevage!B89 -> 46170 | D89: 0 | E89: 0 | G89: 2 | H89: Dynamique | I89: Multiplicateur | J89: 550 | K89: 42 | M89: 6 | N89: 2022 | O89: =2026-N89 -> 4 | P89: 0 | Q89: N.A | R89: 0 | S89: 0 | T89: N.A | U89: 0 | V89: 0 | W89: 0 | X89: 0 | Y89: 0 | Z89: 0 | AA89: 0 | AB89: 0 | AC89: Oui | AD89: Oui | AE89: 42 | AF89: 1 | AG89: Les fleurs jaunes | AH89: Frequente | AI89: 0 | AJ89: 0 | AK89: 0 | AL89: 1 | AM89: 0 | AN89: 0 | AO89: 0 | AP89: Individuelle | AQ89: 1 | AR89: DASRI | AS89: =IF(OR(AT89=1,AU89=1),1,0) -> 1 | AT89: 1 | AU89: 0 | AV89: =IF(OR(AW89=1,AX89),1,0) -> 0 | AW89: 0 | AX89: 0 | AY89: =IF(OR(AZ89=1),1,0) -> 0 | AZ89: 0 | BA89: =IF(OR(BB89=1),1,0) -> 0 | BB89: 0 | BC89: =IF(OR(BD89=1),1,0) -> 0 | BD89: 0 | BE89: =IF(OR(BG89=1,BF89),1,0) -> 0 | BF89: 0 | BG89: 0 | BH89: =IF(OR(BI89=1),1,0) -> 0 | BI89: 0 | BJ89: =IF(OR(BK89=1),1,0) -> 0 | BK89: 0 | BL89: 1 | BM89: Farmacox, Evoclean, Halamid | BN89: 1 | BO89: 1 | BP89: Evoclean
A90: FK085 | B90: =Elevage!L90 -> SAINT PIERRE / PETITE ILE | C90: =Elevage!B90 -> 46140 | D90: 0 | E90: 0 | G90: 1 | H90: Dynamique | I90: Insémination | J90: 0 | K90: 35 | M90: 0 | N90: 2009 | O90: =2026-N90 -> 17 | P90: 0 | Q90: N.A | R90: 0 | S90: 1 | T90: Bovin | U90: 0 | V90: 0 | W90: 0 | X90: 0 | Y90: 0 | Z90: 0 | AA90: 0 | AB90: 0 | AC90: Oui | AD90: Oui | AE90: 42 | AF90: 1 | AG90: Grondin Jeanick, Les fleurs jaunes, Ravine du port | AH90: Frequente | AI90: 1 | AJ90: 1 | AK90: 0 | AL90: 1 | AM90: 0 | AN90: 0 | AO90: 0 | AP90: Individuelle | AQ90: 2 à 3 | AR90: DASRI | AS90: =IF(OR(AT90=1,AU90=1),1,0) -> 1 | AT90: 1 | AU90: 0 | AV90: =IF(OR(AW90=1,AX90),1,0) -> 0 | AW90: 0 | AX90: 0 | AY90: =IF(OR(AZ90=1),1,0) -> 0 | AZ90: 0 | BA90: =IF(OR(BB90=1),1,0) -> 0 | BB90: 0 | BC90: =IF(OR(BD90=1),1,0) -> 0 | BD90: 0 | BE90: =IF(OR(BG90=1,BF90),1,0) -> 1 | BF90: 0 | BG90: 1 | BH90: =IF(OR(BI90=1),1,0) -> 0 | BI90: 0 | BJ90: =IF(OR(BK90=1),1,0) -> 0 | BK90: 0 | BL90: 1 | BM90: Spectragene | BN90: 0 | BO90: 1 | BP90: Decabase
A91: FK086 | B91: =Elevage!L91 -> ETANG SALE/SAINT LOUIS | C91: =Elevage!B91 -> 46140 | D91: 0 | E91: 0 | G91: 1 | H91: Dynamique | I91: Multiplicateur | J91: 650 | K91: 60 | M91: 7 | N91: 2014 | O91: =2026-N91 -> 12 | P91: 0 | Q91: Rivière | R91: 0 | S91: 0 | T91: N.A | U91: 0 | V91: 0 | W91: 0 | X91: 0 | Y91: 0 | Z91: 0 | AA91: 0 | AB91: 0 | AC91: Oui | AD91: Oui | AE91: 42 | AF91: 1 | AG91: Grondin Jeanick | AH91: Frequente | AI91: 1 | AJ91: 1 | AK91: 0 | AL91: 0 | AM91: 0 | AN91: 0 | AO91: 0 | AQ91: 1 | AR91: DASRI | AS91: =IF(OR(AT91=1,AU91=1),1,0) -> 1 | AT91: 1 | AU91: 0 | AV91: =IF(OR(AW91=1,AX91),1,0) -> 1 | AW91: 1 | AX91: 0 | AY91: =IF(OR(AZ91=1),1,0) -> 0 | AZ91: 0 | BA91: =IF(OR(BB91=1),1,0) -> 0 | BB91: 0 | BC91: =IF(OR(BD91=1),1,0) -> 0 | BD91: 0 | BE91: =IF(OR(BG91=1,BF91),1,0) -> 0 | BF91: 0 | BG91: 0 | BH91: =IF(OR(BI91=1),1,0) -> 0 | BI91: 0 | BJ91: =IF(OR(BK91=1),1,0) -> 0 | BK91: 0 | BL91: 1 | BM91: Spectragene, Farmacox, Evogerme | BN91: 0 | BO91: 1 | BP91: Evoclean
A92: FK087 | B92: =Elevage!L92 -> ETANG SALE/SAINT LOUIS | C92: =Elevage!B92 -> 46140 | D92: 0 | E92: 0 | G92: 1 | H92: Dynamique | I92: Multiplicateur | J92: 650 | K92: 60 | M92: 7 | N92: 2024 | O92: =2026-N92 -> 2 | P92: 0 | Q92: Bassin de rétention | R92: 0 | S92: 1 | T92: Bovin, Volaille | U92: 0 | V92: 0 | W92: 0 | X92: 1 | Y92: 0 | Z92: 0 | AA92: 0 | AB92: 0 | AC92: Oui | AD92: Oui | AE92: 42 | AF92: 0 | AG92: N.A | AH92: Frequente | AI92: 0 | AJ92: 1 | AK92: 0 | AL92: 1 | AM92: 0 | AN92: 0 | AO92: 0 | AP92: Mixte | AQ92: 2 à 3 | AR92: DASRI | AS92: =IF(OR(AT92=1,AU92=1),1,0) -> 1 | AT92: 1 | AU92: 0 | AV92: =IF(OR(AW92=1,AX92),1,0) -> 1 | AW92: 1 | AX92: 0 | AY92: =IF(OR(AZ92=1),1,0) -> 0 | AZ92: 0 | BA92: =IF(OR(BB92=1),1,0) -> 0 | BB92: 0 | BC92: =IF(OR(BD92=1),1,0) -> 0 | BD92: 0 | BE92: =IF(OR(BG92=1,BF92),1,0) -> 0 | BF92: 0 | BG92: 0 | BH92: =IF(OR(BI92=1),1,0) -> 0 | BI92: 0 | BJ92: =IF(OR(BK92=1),1,0) -> 0 | BK92: 0 | BL92: 1 | BM92: Spectragene, Farmacox | BN92: 0 | BO92: 1 | BP92: Decabase

Sheet AAA
A1: NOM | B1: CPPR (C) INDEPENDANT (I) INDEPENDANT plein air (IPA) | C1: SECTEUR | D1: N° EDE | E1: ADRESSE 1 | F1: ADRESSE 2 | G1: CP | H1: VILLE | I1: FIXE | J1: MOBILE | K1: MOBILE 2 | L1: COURRIEL
A2: KBIDY Jean Gregory (ex EARL KBIDY / K BIDY JEAN PIERRE) | B2: C | C2: SAINT JOSEPH | D2: 98312200 | E2: 49 CHEMIN DE LA PETITE CRETE | F2: 1er VILLAGE | G2: 97480 | H2: SAINT JOSEPH | I2: 02.62.37.42.80 | J2: 06.92.21.74.11 | L2: kbidymagalie.73@gmail.com
A3: ALAGUIRISAMY JOHAN (ex: MOREL LUC) | B3: I | C3: SAINT JOSEPH | D3: 98012239 | E3: 35 RUE DES OIGNONS | G3: 97480 | H3: SAINT JOSEPH | J3: 06 92 45 40 43 | L3: johanalaguirisamy@gmail.com
A4: ABELARD VALERIE | B4: C | C4: AVIRONS/ SAINT LEU | D4: 98001058 | E4: 26 RUE ROGER MONDON | G4: 97425 | H4: LES AVIRONS | J4: 06.92.58.31.84 | L4: abelardvalerie25@gmail.com
A5: ABUFERA JEAN-PASCAL | B5: I | C5: SAINT PIERRE / PETITE ILE | E5: 22B CHEMIN BUREL | G5: 97432 | H5: RAVINE DES CABRIS | J5: 06 92 61 91 42
A6: ADOLPHE BRUNO | B6: I | C6: LE TAMPON/PLAINE DES CAFRES | D6: 98022662 | E6: CHEMIN DE LA BERGERIE | F6: PETIT TAMPON | G6: 97430 | H6: LE TAMPON
A7: ALAGUIRISSAMY NADINE | B7: C | C7: SAINT JOSEPH | E7: 26 RUE CAFE | F7: VINCENDO | G7: 97480 | H7: SAINT JOSEPH | I7: 02.62.37.27.91 | J7: 06.92.76.70.50 | L7: alaguirissamy.nadine@orange.fr
A8: ARMOUET BILLY | B8: C | C8: SALAZIE | D8: 98021656 | E8: 112 CHEMIN BEGUE | F8: GRAND ILET | G8: 97433 | H8: SALAZIE | I8: 02.62.47.53.32 | J8: 06.92.61.69.10 | L8: armouet.billy@gmail.com
A9: ASSING ALBERT | B9: C | C9: SAINT JOSEPH | E9: 13 RUE RABELAIS | F9: LA CRETE 1ER VILLAGE | G9: 97480 | H9: SAINT JOSEPH | I9: 02.62.37.43.31 | J9: 06.93.91.28.36
A10: AYE DIDIER | B10: IPA | C10: AVIRONS/ SAINT LEU | D10: 98001067 | E10: 39 CHEMIN JOSEPH BARONCE | G10: 97425 | H10: LES AVIRONS | J10: 06 92 87 44 78
A11: BANOUBIE RENE | B11: C | C11: SAINT ANDRE / SAINT BENOIT | D11: 98009108 | E11: 123 ALLEE ZELMAR | G11: 97440 | H11: SAINT ANDRE | I11: 02.62.46.23.77 | J11: 06.92.77.65.71 | L11: rene.banoubie@gmail.com
A12: BARRET JEAN PAUL | B12: C | C12: SAINT JOSEPH | D12: 98012069 | E12: 2 RUE VINCENT BORDET | F12: MANAPANY | G12: 97480 | H12: SAINT JOSEPH | I12: 02.62.56.27.80 | J12: 06.92.19.50.89
A13: BEDAN JEANNICK (EX GRONDIN MARIE SYLVIE (ex:HOAREAU JOSEPH DANY)° | B13: C | C13: SAINT JOSEPH | D13: 98012003 | E13: 23 RUE FRANCOIS MAURIAC | G13: 97480 | H13: SAINT JOSEPH | I13: 02.62.56.13.31 | J13: 06.93.81.09.35 | L13: joelle.hoareau09@gmail.com
A14: BEGUE GABRIEL (ex-JEAN BERNARD ) | B14: I | C14: SAINT JOSEPH | D14: 98212027 | E14: 93 CHEMIN DE LA FORÊT | G14: 97480 | H14: SAINT JOSEPH | I14: 02.62.56.83.25 | J14: 06.92.72.93.18 (Jean Bernard) | K14: 0692815294 (Gabriel) | L14: beguegabriel@hotmail.fr
A15: BEGUE GABRIEL Site Engraissement La Crête | B15: I | C15: SAINT JOSEPH | D15: 98212027 | E15: 93 CHEMIN DE LA FORÊT | G15: 97480 | H15: SAINT JOSEPH | I15: 02.62.56.83.25 | J15: 06.92.72.93.18 (Jean Bernard) | K15: 0692815294 (Gabriel) | L15: beguegabriel@hotmail.fr
A16: BEGUE HENRI NE site impasse Lamy (village) | B16: C | C16: SALAZIE | D16: 98121090 | E16: 43 RUE GEORGES POMPIDOU | F16: CAMP LILAS | G16: 97433 | H16: SALAZIE | I16: 02.62.47.56.60 | J16: 06.92.86.72.78
A17: BERBY JEAN GERMEUIL | B17: IPA | C17: TROIS BASSINS/ SAINT PAUL | D17: 98023181 | E17: 528 Route Hubert Delisle | G17: 97426 | H17: LES TROIS BASSINS | I17: 02 62 34 05 43 | J17: 06 92 80 86 74
A18: BIOPARC | B18: IPA | C18: ETANG SALE/SAINT LOUIS | D18: 98004324 | E18: 20 ROUTE FORESTIERE DU ZOO | G18: 97427 | H18: ETANG SALE | J18: 06 92 35 41 41
A19: BOYER ALEXIS HUBERT | B19: C | C19: SAINT ANDRE / SAINT BENOIT | D19: 98010107 | E19: CHEZ MME BOYER CHRISTIANE | F19: 3 ALLEE DES VERGERS - LA CONFIANCE | G19: 97470 | H19: SAINT BENOIT | J19: 06.92.20.16.05
A20: BOYER JEAN HUGUES | B20: I | C20: SALAZIE | D20: 98021163 | E20: 421 CHEMIN BEDERE MAILLOT RIVIERE DU MAT LES BAS | F20: SAINT ANDRE | G20: 97440 | H20: SALAZIE | J20: 0692 27 88 32 | L20: sylvia.boyer072@orange.fr
A21: BOYER LUCIE | B21: C | C21: SAINT JOSEPH | D21: 98012626 | E21: 7 Bis Rue de l'usine a thé | F21: GRAND COUDE | G21: 97480 | H21: SAINT JOSEPH | J21: 06.92.87.55.85 | L21: cryptomeria@orange.fr
A22: BOYER YVAN | B22: C | C22: TROIS BASSINS/ SAINT PAUL | D22: 98315144 | E22: 50 CHEMIN GEVIN | G22: 97411 | H22: BOIS DE NEFLES ST PAUL | I22: 02.62.44.05.50 | J22: ear
A23: C.R.I.A.P | B23: C | C23: SAINT PIERRE / PETITE ILE | D23: 98016422 | E23: 1 ALLEE DU PETIT PARIS | F23: ZI N 1 | G23: 97410 | H23: SAINT PIERRE | I23: 02.62.25.55.00 | L23: bboucher@sicabat.fr
A24: CADET LAURENT | B24: C | C24: SAINT PIERRE / PETITE ILE | D24: 98316177 | E24: 8 IMPASSE BEGE | F24: RUE MARIE POITEVIN | G24: 97418 | H24: SAINT PIERRE | I24: 0692 82.77.06 | J24: 0692 82.77.06
A25: CHAMAND SULLY | B25: IPA | C25: TROIS BASSINS/ SAINT PAUL | D25: 98015061 | E25: 151 chemin creve cœur | G25: 97460 | H25: SAINT-PAUL | J25: 06 92 29 19 86
A26: CRESCENCE GUITO | B26: C | C26: TROIS BASSINS/ SAINT PAUL | D26: 98715202 | E26: 130 CHEMIN DE LIGNE | G26: 97422 | H26: LA SALINE LES HAUTS | I26: 02.62.33.59.70 | J26: 06.93.62.46.12 | L26: crescencevivien@gmail.com
A27: CROC PARC | B27: IPA | C27: ETANG SALE/SAINT LOUIS | D27: 98004319 | E27: 1 ROUTE FORESTIERE DU ZOO | G27: 97427 | H27: ETANG SALE | J27: 06 92 72 77 26
A28: DAMOUR AMBROISE | B28: C | C28: SALAZIE | D28: 98021554 | E28: 37 CHEMIN DAMOUR | F28: GRAND ILET | G28: 97433 | H28: SALAZIE | I28: 02.62.47.71.40 | J28: 06.92.86.97.55 | L28: ambroise.damour@yahoo.fr
A29: DAMOUR CLOTERE | B29: C | C29: PLAINE DES PALMISTES/ SAINTE ANNE | D29: 98110058 | E29: 307 PITON ARMAND | F29: CAMBOURG | G29: 97437 | H29: SAINTE ANNE | I29: 02.62.51.06.89 | J29: 06.92.66.79.96 | L29: clotere.damour@gmail.com
A30: DAMOUR GERALD | B30: C | C30: SALAZIE | D30: 98021514 | E30: 33 IMPASSE DES PAPILLONS | F30: GRAND ILET | G30: 97433 | H30: SALAZIE | I30: 02.62.47.77.94 | J30: 06.92.87.18.32
A31: DAMOUR ISABELLE | B31: I | C31: SALAZIE | D31: 98021572 | E31: 11 IMPASSE CIMENDEF - CASABOIS GRAND ILET | F31: CASABOIS GRAND ILET | G31: 97433 | H31: SALAZIE | J31: 06 92 36 07 75 | L31: isabelle.d12@hotmail.fr
A32: DAMOUR JACQUELINE TIMOTHEE | B32: I | C32: SALAZIE | D32: 98021547 | E32: 45 CHEMIN DAMOUR - GRAND ILET | F32: GRAND ILET | G32: 97433 | H32: SALAZIE | J32: 06.92.60.99.42
A33: DAMOUR LOIC | B33: I | C33: SALAZIE | D33: 98021741
A34: DAMOUR MYRIELLE | B34: C | C34: SALAZIE | D34: 98021009 | E34: 33 RUE DE L'EGLISE | F34: GRAND ILET | G34: 97438 | H34: SALAZIE | I34: 02 62 47 72 09 | J34: 06 92 64 36 46 | L34: myrielle.damour1969@gmail.com
A35: DIJOUX THIERRY | B35: C | C35: PLAINE DES PALMISTES/ SAINTE ANNE | D35: 98010194 | L35: dijoux.jean-pascal@orange.fr
A36: DORSEUIL CHRISTOPHER (ex HOARAU PASCAL) | B36: C | C36: AVIRONS/ SAINT LEU | D36: 98001161 | E36: 26 A RUE VERVAL | G36: 97421 | H36: LA RIVIERE | I36: 02.62.38.32.17 | L36: hoaraupascal@canalbox.com
A37: EARL ACBA LES JADES (ex AZOR BERNADETTE) | B37: C | C37: PLAINE DES PALMISTES/ SAINTE ANNE | D37: 98006064 | E37: 130 RUE CARRON LOUIS | G37: 97431 | H37: PLAINE DES PALMISTES | I37: 02.62.51.46.24 | J37: 06.92.77.44.70 | L37: bernadette.azor@orange.fr
A38: EARL AGRI SALAZE | B38: C | C38: SALAZIE | D38: 98021587 | E38: 59 CHEMIN DAMOUR | F38: GRAND ILET | G38: 97433 | H38: SALAZIE | I38: 02.62.47.74.30 | J38: 06.92.10.42.94 | L38: agrisalazes@laposte.net
A39: EARL BELLECOMBE (SARTRE) | B39: C | C39: AVIRONS/ SAINT LEU | D39: 98001055 | E39: 9 ROUTE DU STADE | G39: 97425 | H39: LES AVIRONS | I39: 02.62.38.00.47 | J39: 0692.67.80.51 | L39: bellecombe.sartre@gmail.com
A40: EARL BOIS DE SENTEUR(ex:SCEA DE L ACACIA) | B40: C | C40: SAINT JOSEPH | D40: 98121196 | E40: 18 CHEMIN DARDANELLE | F40: CAROSSE | G40: 97480 | H40: SAINT JOSEPH | I40: 02.62.37.55.78 | J40: 06.92.64.96.10 | L40: marieblandine.hoareau@gmail.com
A41: EARL BOISVILLIERS (Ex : BOISVILLIERS FRANCOIS) | B41: C | C41: ETANG SALE/SAINT LOUIS | D41: 98214270 | E41: 45 CHEMIN DEJEAN | F41: TAPAGE | G41: 97421 | H41: LA RIVIERE SAINT LOUIS | I41: 02.62.39.47.36 | J41: 06.92.09.33.01
A42: EARL BONNE ESPERANCE | B42: C | C42: PLAINE DES PALMISTES/ SAINTE ANNE | D42: 98019020 | E42: 8 CHEMIN SOUCANE | F42: RIVIERE DE L EST | G42: 97439 | H42: SAINTE ROSE | J42: 06.92.82.56.51 | L42: yolaine.soucane@gmail.com
A43: EARL CALTEAU | B43: C | C43: AVIRONS/ SAINT LEU | D43: 98001167 | E43: 35 CHEMIN DOZENVAL | F43: RAVINE SECHE | G43: 97425 | H43: LES AVIRONS | I43: 02.62.38.07.21 | J43: 06.92.87.83.16 | L43: georges.calteau@wanadoo.fr
A44: EARL CAMI | B44: C | C44: AVIRONS/ SAINT LEU | D44: 98001162 | E44: 93 CHEMIN PITON ROUGE | G44: 97425 | H44: LES AVIRONS | J44: 06.92.24.50.57 | L44: cami-rm@outlook.fr
A45: EARL CANNELLE / ROGER DANIEL | B45: C | C45: ETANG SALE/SAINT LOUIS | D45: 98214112 | E45: 2B RUE LISLET GEOFFROY | G45: 97421 | H45: LA RIVIERE SAINT LOUIS | J45: 06.92.70.48.20 | L45: danielrog@wanadoo.fr
A46: EARL CHAMAND | B46: C | C46: ETANG SALE/SAINT LOUIS | D46: 98114013 | E46: 47 CHEMIN BON ACCEUIL - LES MAKES | F46: LES MAKES | G46: 97421 | H46: LA RIVIERE | J46: 06 92 19 26 96 | L46: chamandexpedite@gmail.com
A47: EARL CHEMIN CAFE | B47: C | C47: SAINT JOSEPH | D47: 98022419 | E47: 152 ROUTE HUBERT DE LISLE | F47: LES LIANES | G47: 97480 | H47: SAINT JOSEPH | J47: 06.92.02.58.02 | L47: chemincafe@orange.fr
A48: EARL CHEMIN GRAND PERE (Picard) | B48: C | C48: SAINT PIERRE / PETITE ILE | D48: 98322112 | E48: 107 CHEMIN GRAND PERE | F48: MONTVERT LES BAS | G48: 97410 | H48: SAINT PIERRE | I48: 02.62.31.08.13 | J48: 06.92.51.77.39 | K48: 06.92.64.17.19 nelsia | L48: picard.emmanuelle974@gmail.com
A49: EARL DALLEAU FILS | B49: C | C49: AVIRONS/ SAINT LEU | D49: 98013025 | E49: 457 CHEMIN LE LIEVRE | F49: CAP SAINT LEU | G49: 97436 | H49: SAINT LEU | I49: 06.92.09.81.59 | J49: 06 92 29 46 80
A50: EARL DE BEL AIR / MOREL JOSEPH EXPEDIT | B50: C | C50: SAINT JOSEPH | D50: 98212256 | E50: 42 ROUTE DU BEL AIR | G50: 97480 | H50: SAINT JOSEPH | I50: 02.62.37.50.88 | J50: 06.92.09.15.80 | K50: 0692.07.43.22 (Morel Philippe) | L50: morelphilippe99@gmail.com
A51: EARL DE BELLE VUE | B51: C | C51: ETANG SALE/SAINT LOUIS | D51: 98214002 | E51: 30 CHEMIN BELLEVUE | G51: 97450 | H51: SAINT LOUIS | I51: 02.62.39.20.60 | J51: 06.92.87.27.30 | L51: joke450@hotmail.fr
A52: EARL DE LA SOURCE LANGEVIN | B52: C | C52: SAINT JOSEPH | D52: 98012205 | E52: 49 CHEMIN DE LA SOURCE | F52: LANGEVIN | G52: 97480 | H52: SAINT JOSEPH | I52: 02.62.56.01.76 | J52: 06 92 64 78 80 | L52: source.langevin@orange.fr
A53: EARL DE MONT PLAISIR | B53: I | C53: ETANG SALE/SAINT LOUIS | D53: 98114008 | E53: 30 CHEMIN BON ACCEUIL - LES MAKES | F53: LES MAKES | G53: 97421 | H53: LA RIVIERE | J53: 06.92.69.99.75 | L53: jeanyves.maillot55@gmail.com
A54: EARL DES FLAMBOYANTS | B54: C | C54: ETANG SALE/SAINT LOUIS | D54: 98214113 | E54: 48 CHEMIN DEJEAN | F54: TAPAGE | G54: 97421 | H54: LA RIVIERE SAINT LOUIS | I54: 02.62.39.10.70 | J54: 06.92.02.48.31 | L54: mariedanielle.noel@outlook.fr
A55: EARL DES GOYAVES | B55: C | C55: SAINT JOSEPH | D55: 98012395 | E55: 71bis RUE MARIUS ET ARY LEBLOND | G55: 97480 | H55: SAINT JOSEPH | I55: 06.92.64.41.25 | J55: 06.93.13.54.38 | L55: daniellagrondin77@gmail.com
A56: EARL DES LAVES | B56: C | C56: PLAINE DES PALMISTES/ SAINTE ANNE | D56: 98119021 | E56: N°431 ROUTE NATIONALE 2 | F56: PITON | G56: 97439 | H56: SAINTE ROSE | I56: 02.62.47.27.87 | J56: 06.92.53.55.94 | L56: earldeslaves@gmail.com
A57: EARL DES ROSES (ex MORIZUR JEAN CHARLES) | B57: C | C57: TROIS BASSINS/ SAINT PAUL | D57: 98615034 | E57: 312 CHEMIN DES ROSES | F57: VILLELE | G57: 97435 | H57: SAINT GILLES LES HAUTS | J57: 06.92.42.43.58 | L57: jeancharles974@hotmail.fr
A58: EARL DU CAP | B58: C | C58: ETANG SALE/SAINT LOUIS | D58: 98004063 | E58: 148 LE CAP | F58: LE CAP | G58: 97427 | H58: ETANG SALE | I58: 02.62.26.39.12 | J58: 06.92.65.11.93 | L58: david.sanassy@hotmail.fr
A59: EARL FERME DES ARUMS | B59: C | C59: PLAINE DES PALMISTES/ SAINTE ANNE | D59: 98006154 | E59: 132 RUE LEOPOLD RAMBAUD | G59: 97490 | H59: SAINTE CLOTILDE | I59: 02.62.46.87.96 | J59: 06.92.85.47.18
A60: EARL FERME DU BONHEUR | B60: C | C60: LE TAMPON/PLAINE DES CAFRES | D60: 98122422 | E60: 29 ROUTE DES GERANIUMS | F60: 17ème KILOMETRE | G60: 97418 | H60: LA PLAINE DES CAFRES | I60: 02.62.27.45.04 | J60: 06.92.71.26.59 | L60: fermedubonheur@outlook.com
A61: EARL FERME FORT | B61: IPA | C61: AVIRONS/ SAINT LEU | D61: 98001273 | E61: 30 route des Merles | G61: 97425 | H61: LES AVIRONS | J61: 06 92 50 93 36
A62: EARL FONTALICE (EX: FONTAINE JOSIAN) | B62: C | C62: AVIRONS/ SAINT LEU | D62: 98101068 | E62: 13bis CHEMIN MAURER | F62: TEVELAVE | G62: 97425 | H62: LES AVIRONS | I62: 02.62.38.34.24 | J62: 06.92.60.42.18
A63: EARL GONTHIER | B63: C | C63: SAINT JOSEPH | D63: 98005121 | E63: 106 CHEMIN DENIS LEVENEUR | G63: 97429 | H63: PETITE ILE | I63: 02.62.56.87.02 | J63: 06.92.86.11.76
A64: EARL GRONDIN (GRONDIN LOUIS) | B64: C | C64: SALAZIE | D64: 98021066 | E64: 7 CHEMIN DAMOUR | F64: GRAND ILET | G64: 97433 | H64: SALAZIE | I64: 02.62.47.70.51
